outcome,test,mode,learner,reg,k,mean,sd,lo,hi,vs_late,sig
death_30d_inhosp,ref,late,l2,,,0.8823040232911079,0.0069589240086324325,0.8645662340880231,0.8905751540867842,0.0,
death_30d_inhosp,ablation,raw,rf,0.1,10.0,0.9072327871898906,0.0041910872183187455,0.8998668194629418,0.911496887292099,0.024928763898782735,
death_30d_inhosp,ablation,raw,gb,0.1,10.0,0.8970630594356862,0.010506792957514291,0.8744153993867501,0.9082370613559637,0.014759036144578297,
death_30d_inhosp,ablation,raw,catboost,0.1,10.0,0.8996515625483941,0.00647583145062729,0.8856583144919008,0.908128658593242,0.01734753925728616,
death_30d_inhosp,ablation,raw,l2,0.1,10.0,0.8808885929321398,0.009065890123499131,0.8608960262644408,0.8882212655248242,-0.0014154303589680728,
death_30d_inhosp,ablation,cca,rf,0.1,10.0,0.8840361445783133,0.008962376048009745,0.8763047046799022,0.9022439371883421,0.001732121287205346,
death_30d_inhosp,ablation,cca,gb,0.1,10.0,0.8768683990460557,0.01155128661095441,0.8635518939511259,0.8990383126335676,-0.005435624245052173,
death_30d_inhosp,ablation,cca,catboost,0.1,10.0,0.8865998699166846,0.008326367944584561,0.8746631771301142,0.8972574101031374,0.004295846625576694,
death_30d_inhosp,ablation,cca,l2,0.1,10.0,0.8814522872982936,0.008476784940165356,0.8679267197324001,0.8968160559977699,-0.0008517359928142954,
death_30d_inhosp,ablation,ccaaug,rf,0.1,10.0,0.9105080992349863,0.005854453632816407,0.8986511599095611,0.919340601480472,0.028204075943878415,
death_30d_inhosp,ablation,ccaaug,gb,0.1,10.0,0.8935438411744665,0.011558563110817375,0.867686685043516,0.911024560968811,0.011239817883358594,
death_30d_inhosp,ablation,ccaaug,catboost,0.1,10.0,0.9023422739802397,0.004978335175581261,0.8933626536996315,0.9100489361043145,0.020038250689131787,
death_30d_inhosp,ablation,ccaaug,l2,0.1,10.0,0.8834515439650634,0.009323425728823075,0.864736581286586,0.8998823055719021,0.0011475206739555155,
death_30d_inhosp,ablation,ccaaug_shuf,rf,0.1,10.0,0.9028618329358565,0.006851266690731811,0.8919456747297674,0.9107612971164866,0.020557809644748626,
death_30d_inhosp,ablation,ccaaug_shuf,gb,0.1,10.0,0.8897187722612816,0.008106469956158284,0.8773113017623192,0.9045745965868617,0.00741474897017369,
death_30d_inhosp,ablation,ccaaug_shuf,catboost,0.1,10.0,0.897456406603277,0.0051562051520894926,0.8899479666738935,0.9058134853036826,0.01515238331216906,
death_30d_inhosp,ablation,ccaaug_shuf,l2,0.1,10.0,0.8735071390962308,0.012601923679861939,0.856017901941958,0.8859835227800663,-0.00879688419487712,
death_30d_inhosp,boot,ccaaug,rf,0.1,10.0,0.014966160485326337,,-0.00039703100229460385,0.0320474492365509,0.014966160485326337,0.0
death_30d_inhosp,boot,ccaaug,gb,0.1,10.0,-0.01578885770669719,,-0.03757052613998716,0.007680691620197445,-0.01578885770669719,0.0
death_30d_inhosp,grid,ccaaug,rf,0.01,2.0,0.9076764642116023,0.007440820740725842,0.8975748753368229,0.9174280670238796,0.0253724409204944,
death_30d_inhosp,grid,ccaaug,rf,0.1,2.0,0.908131755815034,0.006699898196576898,0.8984266113296373,0.9161117477622572,0.025827732523926117,
death_30d_inhosp,grid,ccaaug,rf,0.5,2.0,0.9160420602719361,0.003345178767987144,0.9114117136928175,0.9196580667141574,0.03373803698082822,
death_30d_inhosp,grid,ccaaug,rf,0.01,5.0,0.9069997212500388,0.006226256983763269,0.8978226530801872,0.9137114008734165,0.024695697958930896,
death_30d_inhosp,grid,ccaaug,rf,0.1,5.0,0.9095425403413138,0.007248949843648287,0.8981014030414719,0.915569733948648,0.027238517050205857,
death_30d_inhosp,grid,ccaaug,rf,0.5,5.0,0.9165902685291293,0.003681716150497968,0.9104283457738409,0.9195961222783164,0.03428624523802137,
death_30d_inhosp,grid,ccaaug,rf,0.01,10.0,0.9080914919317372,0.005372849653944536,0.899402236194134,0.9121627899773903,0.025787468640629307,
death_30d_inhosp,grid,ccaaug,rf,0.1,10.0,0.9095193111778734,0.006573380353966303,0.8986511599095611,0.9145941090841515,0.027215287886765527,
death_30d_inhosp,grid,ccaaug,rf,0.5,10.0,0.9173645739771426,0.00490425596615096,0.9090268529129371,0.9217796636417134,0.03506055068603464,
death_30d_inhosp,grid,ccaaug,rf,0.01,20.0,0.9067411032304025,0.003706119017939536,0.9008114721095177,0.9106374082448043,0.02443707993929456,
death_30d_inhosp,grid,ccaaug,rf,0.1,20.0,0.9093861306408153,0.005732474569344351,0.9007495276736768,0.9151825812246415,0.027082107349707396,
death_30d_inhosp,grid,ccaaug,rf,0.5,20.0,0.9147272896212097,0.002559723117401904,0.9105522346455229,0.9169479976461115,0.03242326633010184,
death_30d,ref,late,l2,,,0.8821549923901888,0.003148083844325504,0.8772696704774714,0.8869589070187237,0.0,
death_30d,ablation,raw,rf,0.1,10.0,0.8888144621810072,0.002939663323142351,0.8832203659788341,0.8917637065090434,0.00665946979081844,
death_30d,ablation,raw,gb,0.1,10.0,0.8938227798817824,0.0059695243797278945,0.884543234346795,0.901413124269989,0.011667787491593584,
death_30d,ablation,raw,catboost,0.1,10.0,0.8956898382472659,0.006031794562281125,0.8875296428697838,0.9056737337627863,0.013534845857077094,
death_30d,ablation,raw,l2,0.1,10.0,0.8842419389091424,0.004395121563077546,0.8752964286978374,0.8926352953668637,0.0020869465189535807,
death_30d,ablation,cca,rf,0.1,10.0,0.8871712738470251,0.005996982058990274,0.8776988284429973,0.8974976108731817,0.005016281456836302,
death_30d,ablation,cca,gb,0.1,10.0,0.8845604891515946,0.008002745413947578,0.8693280359607829,0.8944315647895799,0.0024054967614057787,
death_30d,ablation,cca,catboost,0.1,10.0,0.8894462534952041,0.007914147551939667,0.8784244151063604,0.900837964110006,0.007291261105015323,
death_30d,ablation,cca,l2,0.1,10.0,0.8813842777758115,0.0043962474849201395,0.8723985063533076,0.8861271369412097,-0.000770714614377277,
death_30d,ablation,ccaaug,rf,0.1,10.0,0.8993876756450643,0.0028997277557745367,0.8946749017803419,0.9031563019856298,0.01723268325487548,
death_30d,ablation,ccaaug,gb,0.1,10.0,0.902605475524723,0.006839399436741582,0.8911487275687537,0.9124650479595088,0.020450483134534236,
death_30d,ablation,ccaaug,catboost,0.1,10.0,0.8998101971472054,0.005699394933896009,0.892445050083177,0.909399001875907,0.01765520475701665,
death_30d,ablation,ccaaug,l2,0.1,10.0,0.8835513042862704,0.003116896800096671,0.8787827841291191,0.8892595476586557,0.0013963118960815812,
death_30d,ablation,ccaaug_shuf,rf,0.1,10.0,0.8860771422503806,0.003034266087173124,0.8819417407001027,0.890883269033377,0.003922149860191793,
death_30d,ablation,ccaaug_shuf,gb,0.1,10.0,0.8886746540190422,0.006878283171000018,0.8781810781155983,0.8997097653346546,0.006519661628853424,
death_30d,ablation,ccaaug_shuf,catboost,0.1,10.0,0.8939006477188262,0.00513194958315771,0.8848131171910948,0.9019573142675115,0.011745655328637361,
death_30d,ablation,ccaaug_shuf,l2,0.1,10.0,0.8793871447279935,0.005658875484476397,0.8702748380702934,0.8889454217251266,-0.0027678476621952885,
death_30d,boot,ccaaug,rf,0.1,10.0,0.010979682528083881,,-0.0011118808630740356,0.02320865527564538,0.010979682528083881,0.0
death_30d,boot,ccaaug,gb,0.1,10.0,0.02619336418774156,,0.011357865756445259,0.04145476628303917,0.02619336418774156,1.0
death_30d,grid,ccaaug,rf,0.01,2.0,0.8932653169574912,0.0012943678518129906,0.8922725020351822,0.8952898807206314,0.011110324567302432,
death_30d,grid,ccaaug,rf,0.1,2.0,0.8939094963366723,0.0023314890677547844,0.8919893462641135,0.8975462782713339,0.011754503946483474,
death_30d,grid,ccaaug,rf,0.5,2.0,0.8942041553109406,0.0027613724357413885,0.8908434502530705,0.8973737302233391,0.012049162920751755,
death_30d,grid,ccaaug,rf,0.01,5.0,0.8970233249566417,0.0028066886156876748,0.8923875340671787,0.8999398293986479,0.014868332566452924,
death_30d,grid,ccaaug,rf,0.1,5.0,0.8978993381233853,0.0020804942838403627,0.8951925459243266,0.9002097122429475,0.015744345733196496,
death_30d,grid,ccaaug,rf,0.5,5.0,0.8976232612465933,0.002839328646363076,0.8938917991009805,0.900346865819559,0.01546826885640451,
death_30d,grid,ccaaug,rf,0.01,10.0,0.8981718755530386,0.002077239189227366,0.8954004884437051,0.9002981984214066,0.01601688316284977,
death_30d,grid,ccaaug,rf,0.1,10.0,0.898662088981701,0.002741414413432704,0.8946749017803419,0.9012317276041482,0.01650709659151217,
death_30d,grid,ccaaug,rf,0.5,10.0,0.8982214278129756,0.0028126821516806805,0.8938962234099034,0.9017537960570559,0.01606643542278685,
death_30d,grid,ccaaug,rf,0.01,20.0,0.8969383782253212,0.0020742451243197266,0.893838707393905,0.8991036350122111,0.01478338583513239,
death_30d,grid,ccaaug,rf,0.1,20.0,0.8963818001628144,0.0017743696313484434,0.8942944112129685,0.8982984107882348,0.014226807772625638,
death_30d,grid,ccaaug,rf,0.5,20.0,0.8971595936714685,0.0024705271301567354,0.8952412133224791,0.9005415354121686,0.015004601281279673,
composite_30d,ref,late,l2,,,0.8448975818380603,0.004480362065355902,0.8363930156280146,0.8532043861341565,0.0,
composite_30d,ablation,raw,rf,0.1,10.0,0.8479966557334876,0.0021405704391889067,0.8450479130490706,0.8512701781465046,0.0030990738954272956,
composite_30d,ablation,raw,gb,0.1,10.0,0.854782140330568,0.004369605568986298,0.8453726927776707,0.8620875940574957,0.009884558492507689,
composite_30d,ablation,raw,catboost,0.1,10.0,0.8522242587947778,0.005256655712062573,0.8444047848736252,0.8624959804489034,0.007326676956717515,
composite_30d,ablation,raw,l2,0.1,10.0,0.8428297639719597,0.006532612901801314,0.8310727377966428,0.8507203035564989,-0.002067817866100552,
composite_30d,ablation,cca,rf,0.1,10.0,0.8441655411923596,0.003921213014727057,0.8382886359251398,0.8508939481638691,-0.000732040645700649,
composite_30d,ablation,cca,gb,0.1,10.0,0.8386831950607757,0.0040902572894081154,0.8332207859026304,0.846228053251013,-0.006214386777284586,
composite_30d,ablation,cca,catboost,0.1,10.0,0.8429526014534696,0.006249215107807505,0.8272943597659013,0.8484564923789311,-0.0019449803845906777,
composite_30d,ablation,cca,l2,0.1,10.0,0.8432529423114028,0.004987741947756515,0.8339764615087788,0.8498360023152615,-0.0016446395266574987,
composite_30d,ablation,ccaaug,rf,0.1,10.0,0.8566219692584731,0.002953857849647108,0.8530741526786287,0.8614380346002958,0.011724387420412818,
composite_30d,ablation,ccaaug,gb,0.1,10.0,0.8527143224644671,0.005130114139096218,0.8465110296482089,0.8647372821403305,0.007816740626406804,
composite_30d,ablation,ccaaug,catboost,0.1,10.0,0.8517772847128432,0.00407357498298573,0.8451636761206509,0.8602546787574763,0.0068797028747829,
composite_30d,ablation,ccaaug,l2,0.1,10.0,0.8363570004501897,0.0051865902865140595,0.8283619525371406,0.8457424914785516,-0.008540581387870616,
composite_30d,ablation,ccaaug_shuf,rf,0.1,10.0,0.8465840246961218,0.002137185798524653,0.8434818959418612,0.8499389028233326,0.001686442858061521,
composite_30d,ablation,ccaaug_shuf,gb,0.1,10.0,0.8525172036786932,0.005183935534733011,0.842513988037816,0.8576853816965722,0.0076196218406329175,
composite_30d,ablation,ccaaug_shuf,catboost,0.1,10.0,0.8504267155444081,0.004664294217343099,0.8450414817673163,0.8605794584860762,0.0055291337063477775,
composite_30d,ablation,ccaaug_shuf,l2,0.1,10.0,0.8332227152871567,0.007849635483775886,0.8237057045469162,0.8490417390185864,-0.011674866550903551,
composite_30d,boot,ccaaug,rf,0.1,10.0,0.007945927444318844,,-0.003537854105937843,0.019326257701595004,0.007945927444318844,0.0
composite_30d,boot,ccaaug,gb,0.1,10.0,0.004771743091153346,,-0.010476165915441227,0.019201552764024098,0.004771743091153346,0.0
composite_30d,grid,ccaaug,rf,0.01,2.0,0.8532291465689111,0.003656748138600743,0.8475368190880442,0.857514952730079,0.008331564730850838,
composite_30d,grid,ccaaug,rf,0.1,2.0,0.8538324007974788,0.0023163535986667066,0.8512444530194867,0.8569811563444595,0.0089348189594185,
composite_30d,grid,ccaaug,rf,0.5,2.0,0.8528509872017492,0.0015524480072270307,0.8505145025403562,0.8546691105537333,0.007953405363688937,
composite_30d,grid,ccaaug,rf,0.01,5.0,0.8555546980513216,0.0029274737839761443,0.8531963470319633,0.8588590906167599,0.010657116213261264,
composite_30d,grid,ccaaug,rf,0.1,5.0,0.857091774390636,0.0019952327398279736,0.8547173451668917,0.8594797093060647,0.0121941925525757,
composite_30d,grid,ccaaug,rf,0.5,5.0,0.8564222779599973,0.0012892422253843105,0.8548105987523312,0.8581259244967522,0.011524696121936961,
composite_30d,grid,ccaaug,rf,0.01,10.0,0.8577760627693098,0.003719792850635426,0.8537172808540743,0.8621293973888995,0.012878480931249547,
composite_30d,grid,ccaaug,rf,0.1,10.0,0.8567245482024568,0.0031793057777721265,0.8536561836774069,0.8601742877355456,0.011826966364396507,
composite_30d,grid,ccaaug,rf,0.5,10.0,0.8563791883722427,0.0012390619990071431,0.8547527172165412,0.8577143224644671,0.011481606534182398,
composite_30d,grid,ccaaug,rf,0.01,20.0,0.8559572962891504,0.0036640598774534796,0.852154479387742,0.8601807190173001,0.011059714451090108,
composite_30d,grid,ccaaug,rf,0.1,20.0,0.8553289600617404,0.0021802192174929665,0.8528522734581002,0.8578140073316611,0.010431378223680121,
composite_30d,grid,ccaaug,rf,0.5,20.0,0.8543218213389927,0.00045877853910688404,0.8535532831693357,0.8547302077304006,0.009424239500932408,
cv_first,ref,late,l2,,,0.8063676797627872,0.008036093024206608,0.787981838398814,0.8176380652335062,0.0,
cv_first,ablation,raw,rf,0.1,10.0,0.7968161601186063,0.010868379121910458,0.7817272053372869,0.8108598962194218,-0.009551519644180884,
cv_first,ablation,raw,gb,0.1,10.0,0.7748758339510748,0.01335533930208331,0.7585340993328391,0.7978409933283914,-0.03149184581171238,
cv_first,ablation,raw,catboost,0.1,10.0,0.7901704966641957,0.017024844013164266,0.7637601927353596,0.8160952557449963,-0.016197183098591528,
cv_first,ablation,raw,l2,0.1,10.0,0.7904948109710898,0.01473465584342144,0.7691160118606376,0.8148072646404744,-0.01587286879169747,
cv_first,ablation,cca,rf,0.1,10.0,0.7976223128243143,0.009138302984296682,0.7880467012601927,0.8147887323943663,-0.008745366938472943,
cv_first,ablation,cca,gb,0.1,10.0,0.7599332839140105,0.009737364439888983,0.7463028169014085,0.7737305411415863,-0.04643439584877673,
cv_first,ablation,cca,catboost,0.1,10.0,0.7824675685693107,0.017640225560417562,0.7557357301704967,0.8095626389918458,-0.02390011119347657,
cv_first,ablation,cca,l2,0.1,10.0,0.7866994069681245,0.01686493295231243,0.748767605633803,0.8055689399555226,-0.019668272794662767,
cv_first,ablation,ccaaug,rf,0.1,10.0,0.8149499629355079,0.004407182605690729,0.8043458117123795,0.8205893254262416,0.008582283172720695,
cv_first,ablation,ccaaug,gb,0.1,10.0,0.7842967012601927,0.010630274754847133,0.7565882134914751,0.7930874722016308,-0.02207097850259454,
cv_first,ablation,ccaaug,catboost,0.1,10.0,0.7946034099332839,0.006531542846080523,0.7853224610822831,0.8094421793921422,-0.011764269829503293,
cv_first,ablation,ccaaug,l2,0.1,10.0,0.7819458858413639,0.01691868171121453,0.75470719051149,0.808274647887324,-0.024421793921423296,
cv_first,ablation,ccaaug_shuf,rf,0.1,10.0,0.795648628613788,0.00979921727476663,0.7801704966641957,0.8076074870274278,-0.010719051148999181,
cv_first,ablation,ccaaug_shuf,gb,0.1,10.0,0.7661906968124537,0.015495278444619157,0.73765752409192,0.7864899925871015,-0.04017698295033356,
cv_first,ablation,ccaaug_shuf,catboost,0.1,10.0,0.7846256486286138,0.015645964431489207,0.7562546330615271,0.8026130467012602,-0.02174203113417339,
cv_first,ablation,ccaaug_shuf,l2,0.1,10.0,0.7836721645663454,0.013037441686280264,0.7616382505559673,0.8064121571534469,-0.022695515196441862,
cv_first,boot,ccaaug,rf,0.1,10.0,-0.0016591607975055367,,-0.020578205003945554,0.016561295715977767,-0.0016591607975055367,0.0
cv_first,boot,ccaaug,gb,0.1,10.0,-0.028082308018048965,,-0.059363231950039966,0.005660840742850341,-0.028082308018048965,0.0
cv_first,grid,ccaaug,rf,0.01,2.0,0.7968031875463306,0.010798051385686644,0.7788825055596739,0.8054299481097109,-0.00956449221645661,
cv_first,grid,ccaaug,rf,0.1,2.0,0.8004336545589326,0.00801522697175141,0.7868143068939956,0.8063750926612305,-0.005934025203854665,
cv_first,grid,ccaaug,rf,0.5,2.0,0.7996849518161602,0.00781476219664945,0.7893254262416605,0.8082561156412158,-0.006682727946627054,
cv_first,grid,ccaaug,rf,0.01,5.0,0.804760934025204,0.012745568933881676,0.7828576723498889,0.8144366197183099,-0.0016067457375832372,
cv_first,grid,ccaaug,rf,0.1,5.0,0.8092605633802815,0.009974671803145265,0.7924666419570051,0.8164659006671608,0.0028928836174942907,
cv_first,grid,ccaaug,rf,0.5,5.0,0.8060581912527798,0.010336690245226375,0.7923461823573017,0.8175963676797627,-0.0003094885100074496,
cv_first,grid,ccaaug,rf,0.01,10.0,0.8088917716827279,0.006295314941717615,0.7982487027427725,0.8135841363973313,0.0025240919199406298,
cv_first,grid,ccaaug,rf,0.1,10.0,0.812616753150482,0.005056623618019044,0.8043458117123795,0.8179484803558191,0.006249073387694759,
cv_first,grid,ccaaug,rf,0.5,10.0,0.8078057820607857,0.009538369020977742,0.7976186063750926,0.8178187546330615,0.001438102297998456,
cv_first,grid,ccaaug,rf,0.01,20.0,0.8051297257227576,0.010916902056901184,0.7888621200889548,0.8173925129725722,-0.0012379540400295763,
cv_first,grid,ccaaug,rf,0.1,20.0,0.8092976278724981,0.009895060220905673,0.7929762787249816,0.8186063750926612,0.0029299481097109226,
cv_first,grid,ccaaug,rf,0.5,20.0,0.8053076352853967,0.011952062115309947,0.7872683469236471,0.8167531504818384,-0.0010600444773904982,
PERMUTED,perm,ccaaug,rf,0.1,10.0,0.48114256511908815,0.03540128259597008,0.4380555641589494,0.5189317682039211,,
