outcome,pair,method,auc,sd,k,reg
death_30d,single,uni_ehr,0.8644991015274036,0.0028038680603565576,,
death_30d,single,uni_ecg,0.7185800586371589,0.01287403322449281,,
death_30d,single,uni_ctpa,0.7910548777604388,0.009505887123339343,,
death_30d,ehr+ecg,late_wsrc,0.8691015569584338,0.001102162764766504,,
death_30d,ehr+ecg,early,0.8434854825743606,0.013255892847548691,,
death_30d,ehr+ecg,pca10,0.7358328013429801,0.0056655972412184685,10.0,
death_30d,ehr+ecg,pca20,0.7869615075424411,0.007311864667274292,20.0,
death_30d,ehr+ecg,pca40,0.7935803541873553,0.009659253811073807,40.0,
death_30d,ehr+ecg,cca_r0.1_k5,0.8115187733484656,0.005052368797360665,5.0,0.1
death_30d,ehr+ecg,ccaaug_r0.1_k5,0.8457021090462004,0.01127080460253703,5.0,0.1
death_30d,ehr+ecg,cca_r0.1_k10,0.8213118291010545,0.013082727987737542,10.0,0.1
death_30d,ehr+ecg,ccaaug_r0.1_k10,0.8466360476663356,0.010891566894353763,10.0,0.1
death_30d,ehr+ecg,cca_r0.1_k20,0.850015664160401,0.0026527095474630324,20.0,0.1
death_30d,ehr+ecg,ccaaug_r0.1_k20,0.8508343382040007,0.005768697889019597,20.0,0.1
death_30d,ehr+ecg,cca_r0.5_k5,0.8176204071499503,0.0007421032373727598,5.0,0.5
death_30d,ehr+ecg,ccaaug_r0.5_k5,0.8468045112781954,0.01219505211747617,5.0,0.5
death_30d,ehr+ecg,cca_r0.5_k10,0.8167529673239704,0.010153944001314594,10.0,0.5
death_30d,ehr+ecg,ccaaug_r0.5_k10,0.8459163829384783,0.010985728114054103,10.0,0.5
death_30d,ehr+ecg,cca_r0.5_k20,0.8435534591194968,0.003091924054746573,20.0,0.5
death_30d,ehr+ecg,ccaaug_r0.5_k20,0.8454774908970539,0.013954307368454464,20.0,0.5
death_30d,ehr+ecg,kcca_r0.1,0.4455204934506077,0.004581958513317748,,0.1
death_30d,ehr+ecg,kcca_r0.5,0.4447557573178229,0.005430935856579867,,0.5
death_30d,ehr+ecg,pls5,0.8323875727053484,0.00800341036500733,5.0,
death_30d,ehr+ecg,pls10,0.8337411926041519,0.009409516798962547,10.0,
death_30d,ehr+ecg,pls20,0.8087346904998345,0.005867544394728972,20.0,
death_30d,ecg+ctpa,late_wsrc,0.8165771149572043,0.0053345548076435545,,
death_30d,ecg+ctpa,early,0.8058353430746678,0.008684610506262095,,
death_30d,ecg+ctpa,pca10,0.7059984867829953,0.005983775394254673,10.0,
death_30d,ecg+ctpa,pca20,0.7385873291719864,0.004721700213646252,20.0,
death_30d,ecg+ctpa,pca40,0.7935921761952051,0.0024274276391912895,40.0,
death_30d,ecg+ctpa,cca_r0.1_k5,0.7500487657823806,0.007204674393620775,5.0,0.1
death_30d,ecg+ctpa,ccaaug_r0.1_k5,0.8063702889298718,0.01017497161890372,5.0,0.1
death_30d,ecg+ctpa,cca_r0.1_k10,0.7778703835059346,0.006588187279266585,10.0,0.1
death_30d,ecg+ctpa,ccaaug_r0.1_k10,0.8067190381614413,0.008712798230573249,10.0,0.1
death_30d,ecg+ctpa,cca_r0.1_k20,0.7770339764505604,0.005185009150194746,20.0,0.1
death_30d,ecg+ctpa,ccaaug_r0.1_k20,0.8029936279377689,0.010680402254096933,20.0,0.1
death_30d,ecg+ctpa,cca_r0.5_k5,0.7334491890102616,0.003382758888596986,5.0,0.5
death_30d,ecg+ctpa,ccaaug_r0.5_k5,0.8043797583581594,0.009370317829017445,5.0,0.5
death_30d,ecg+ctpa,cca_r0.5_k10,0.772421915638152,0.009823640719765037,10.0,0.5
death_30d,ecg+ctpa,ccaaug_r0.5_k10,0.8055131933607603,0.008761170072786838,10.0,0.5
death_30d,ecg+ctpa,cca_r0.5_k20,0.761337305527971,0.014811450536649761,20.0,0.5
death_30d,ecg+ctpa,ccaaug_r0.5_k20,0.8020626448195962,0.009236201703492541,20.0,0.5
death_30d,ecg+ctpa,kcca_r0.1,0.4855934056840214,0.02425498141463575,,0.1
death_30d,ecg+ctpa,kcca_r0.5,0.4828374001040337,0.024785237846239004,,0.5
death_30d,ecg+ctpa,pls5,0.7976426916347473,0.006918591320521841,5.0,
death_30d,ecg+ctpa,pls10,0.7605422755000708,0.007537660398983361,10.0,
death_30d,ecg+ctpa,pls20,0.7424723365016316,0.006489875006793978,20.0,
death_30d,ehr+ctpa,late_wsrc,0.883081081240838,0.0030044099377480693,,
death_30d,ehr+ctpa,early,0.884225599375798,0.004396591298771359,,
death_30d,ehr+ctpa,pca10,0.8811917766113396,0.0005449175434899594,10.0,
death_30d,ehr+ctpa,pca20,0.8727449520026481,0.006164290095916194,20.0,
death_30d,ehr+ctpa,pca40,0.8601929351681089,0.01850918091843584,40.0,
death_30d,ehr+ctpa,cca_r0.1_k5,0.8834024920792546,0.0024248083492037042,5.0,0.1
death_30d,ehr+ctpa,ccaaug_r0.1_k5,0.8863328722750272,0.003869763445346465,5.0,0.1
death_30d,ehr+ctpa,cca_r0.1_k10,0.8803080815245661,0.0036318660942794507,10.0,0.1
death_30d,ehr+ctpa,ccaaug_r0.1_k10,0.8833891923204237,0.0014131255983907502,10.0,0.1
death_30d,ehr+ctpa,cca_r0.1_k20,0.8783160732018725,0.002593013398611074,20.0,0.1
death_30d,ehr+ctpa,ccaaug_r0.1_k20,0.8797391473967938,0.0008695167642606323,20.0,0.1
death_30d,ehr+ctpa,cca_r0.5_k5,0.8714726084078119,0.0037416558545596973,5.0,0.5
death_30d,ehr+ctpa,ccaaug_r0.5_k5,0.8853265238568119,0.004169335532906076,5.0,0.5
death_30d,ehr+ctpa,cca_r0.5_k10,0.8695470988792736,0.00448487465522871,10.0,0.5
death_30d,ehr+ctpa,ccaaug_r0.5_k10,0.8839610819501584,0.004213158753769,10.0,0.5
death_30d,ehr+ctpa,cca_r0.5_k20,0.8752127961412967,0.00444209511527792,20.0,0.5
death_30d,ehr+ctpa,ccaaug_r0.5_k20,0.8795352177613847,0.0008666641004168669,20.0,0.5
death_30d,ehr+ctpa,kcca_r0.1,0.4932222951246039,0.02998307146804353,,0.1
death_30d,ehr+ctpa,kcca_r0.5,0.48726252541731685,0.02988231757029123,,0.5
death_30d,ehr+ctpa,pls5,0.8711061261644679,0.006168951252175996,5.0,
death_30d,ehr+ctpa,pls10,0.8658187331536388,0.005557094501251099,10.0,
death_30d,ehr+ctpa,pls20,0.853386414148579,0.014881864464343711,20.0,
death_30d,all3,late_wsrc,0.8864311427152788,0.001841165494319329,,
death_30d,all3,early,0.8654182626377264,0.0064483097859491,,
death_30d,all3,gcca_r0.1_k5,0.8506392750744788,0.004672023951719125,5.0,0.1
death_30d,all3,gccaaug_r0.1_k5,0.8665782971579894,0.006782920949877325,5.0,0.1
death_30d,all3,gcca_r0.1_k10,0.8619544143377311,0.0032580830168412213,10.0,0.1
death_30d,all3,gccaaug_r0.1_k10,0.8659073982125124,0.0069468055131765806,10.0,0.1
death_30d,all3,gcca_r0.1_k20,0.8705564027994516,0.0035272380562771763,20.0,0.1
death_30d,all3,gccaaug_r0.1_k20,0.8645330897999717,0.007332727683046647,20.0,0.1
death_30d,all3,gcca_r0.5_k5,0.8491703905991393,0.004895909877825306,5.0,0.5
death_30d,all3,gccaaug_r0.5_k5,0.867293528632903,0.006246093650886513,5.0,0.5
death_30d,all3,gcca_r0.5_k10,0.8542937532510521,0.00866047091942107,10.0,0.5
death_30d,all3,gccaaug_r0.5_k10,0.8651138459355936,0.006702000837466215,10.0,0.5
death_30d,all3,gcca_r0.5_k20,0.8594422376696459,0.0023531359735208535,20.0,0.5
death_30d,all3,gccaaug_r0.5_k20,0.8644237362273609,0.0069249913272678935,20.0,0.5
death_30d,all3,pls5,0.851834775618291,0.009390521715306799,5.0,
death_30d,all3,pls10,0.8238446942828771,0.00045668961057163403,10.0,
death_30d,all3,pls20,0.803333510663451,0.007242750027775799,20.0,
composite_30d,single,uni_ehr,0.8335830731205872,0.004631756588644537,,
composite_30d,single,uni_ecg,0.7350513282397158,0.009915083130490013,,
composite_30d,single,uni_ctpa,0.7320582103163478,0.005728845951682882,,
composite_30d,ehr+ecg,late_wsrc,0.8405790096125649,0.0013983061168010085,,
composite_30d,ehr+ecg,early,0.8210617109699677,0.006165935362882171,,
composite_30d,ehr+ecg,pca10,0.738781849878997,0.011600180815703888,10.0,
composite_30d,ehr+ecg,pca20,0.7819562198096821,0.004469632996488892,20.0,
composite_30d,ehr+ecg,pca40,0.7814567402351744,0.0043460932652700235,40.0,
composite_30d,ehr+ecg,cca_r0.1_k5,0.803871020409917,0.00612298384754511,5.0,0.1
composite_30d,ehr+ecg,ccaaug_r0.1_k5,0.8190283457343908,0.007340223825740567,5.0,0.1
composite_30d,ehr+ecg,cca_r0.1_k10,0.8042867163138622,0.003193517281015055,10.0,0.1
composite_30d,ehr+ecg,ccaaug_r0.1_k10,0.8180250899868846,0.007125184229025255,10.0,0.1
composite_30d,ehr+ecg,cca_r0.1_k20,0.811933587477134,0.003295912027273933,20.0,0.1
composite_30d,ehr+ecg,ccaaug_r0.1_k20,0.8153633472220879,0.006295001695140788,20.0,0.1
composite_30d,ehr+ecg,cca_r0.5_k5,0.8002457654336502,0.007756857022193713,5.0,0.5
composite_30d,ehr+ecg,ccaaug_r0.5_k5,0.8190584219238234,0.00716429550962523,5.0,0.5
composite_30d,ehr+ecg,cca_r0.5_k10,0.7991683933621849,0.007281243074154872,10.0,0.5
composite_30d,ehr+ecg,ccaaug_r0.5_k10,0.8173730811659677,0.007218473437591802,10.0,0.5
composite_30d,ehr+ecg,cca_r0.5_k20,0.8110065963528323,0.0004942127277711569,20.0,0.5
composite_30d,ehr+ecg,ccaaug_r0.5_k20,0.8149723567594624,0.006424265474369893,20.0,0.5
composite_30d,ehr+ecg,kcca_r0.1,0.4394184983603105,0.014842058785690426,,0.1
composite_30d,ehr+ecg,kcca_r0.5,0.4407380911716716,0.013756607639618166,,0.5
composite_30d,ehr+ecg,pls5,0.7960608785040103,0.005370502771610042,5.0,
composite_30d,ehr+ecg,pls10,0.7892862168342877,0.008408288804392589,10.0,
composite_30d,ehr+ecg,pls20,0.7606322015018759,0.016526550219347482,20.0,
composite_30d,ecg+ctpa,late_wsrc,0.7898834440244519,0.00498699574635472,,
composite_30d,ecg+ctpa,early,0.7841861544261945,0.0029582519389693284,,
composite_30d,ecg+ctpa,pca10,0.7170056145800774,0.011026604302819284,10.0,
composite_30d,ecg+ctpa,pca20,0.7416036409375607,0.00534020579745927,20.0,
composite_30d,ecg+ctpa,pca40,0.7696711705760341,0.0030183774500056834,40.0,
composite_30d,ecg+ctpa,cca_r0.1_k5,0.7433577272712625,0.009125772650416383,5.0,0.1
composite_30d,ecg+ctpa,ccaaug_r0.1_k5,0.7841517816382715,0.0021562718282071612,5.0,0.1
composite_30d,ecg+ctpa,cca_r0.1_k10,0.7463137870326508,0.009687324657253877,10.0,0.1
composite_30d,ecg+ctpa,ccaaug_r0.1_k10,0.7805598253003053,0.005969155185119198,10.0,0.1
composite_30d,ecg+ctpa,cca_r0.1_k20,0.7564322764775196,0.011351785137266134,20.0,0.1
composite_30d,ecg+ctpa,ccaaug_r0.1_k20,0.7738152398200154,0.0021755237346997836,20.0,0.1
composite_30d,ecg+ctpa,cca_r0.5_k5,0.7463105645837831,0.0034879556908031383,5.0,0.5
composite_30d,ecg+ctpa,ccaaug_r0.5_k5,0.7838606870905475,0.0029477446793137576,5.0,0.5
composite_30d,ecg+ctpa,cca_r0.5_k10,0.7534515112748115,0.0060296404315669,10.0,0.5
composite_30d,ecg+ctpa,ccaaug_r0.5_k10,0.7798594797463717,0.005500883822915742,10.0,0.5
composite_30d,ecg+ctpa,cca_r0.5_k20,0.7587696260562918,0.006159736368306878,20.0,0.5
composite_30d,ecg+ctpa,ccaaug_r0.5_k20,0.7749259105297813,0.0046387555328881785,20.0,0.5
composite_30d,ecg+ctpa,kcca_r0.1,0.45584063486539295,0.022730290515633574,,0.1
composite_30d,ecg+ctpa,kcca_r0.5,0.45511504679532827,0.028493500159150392,,0.5
composite_30d,ecg+ctpa,pls5,0.7714478140518105,0.00694266942647703,5.0,
composite_30d,ecg+ctpa,pls10,0.726083253040649,0.005434242584256941,10.0,
composite_30d,ecg+ctpa,pls20,0.7048193871117082,0.00959723251913069,20.0,
composite_30d,ehr+ctpa,late_wsrc,0.8436843761714945,0.003929159117135446,,
composite_30d,ehr+ctpa,early,0.8451226625161524,0.0038000474650773733,,
composite_30d,ehr+ctpa,pca10,0.8281704331723182,0.0036277981479360304,10.0,
composite_30d,ehr+ctpa,pca20,0.8292080617077474,0.0047959397345641395,20.0,
composite_30d,ehr+ctpa,pca40,0.828699988936259,0.0038873598017098087,40.0,
composite_30d,ehr+ctpa,cca_r0.1_k5,0.8423094646545696,0.001144840439206646,5.0,0.1
composite_30d,ehr+ctpa,ccaaug_r0.1_k5,0.8425307394768247,0.006165098298291447,5.0,0.1
composite_30d,ehr+ctpa,cca_r0.1_k10,0.841979700720432,0.005611745822236236,10.0,0.1
composite_30d,ehr+ctpa,ccaaug_r0.1_k10,0.8378689301147514,0.007158425552678095,10.0,0.1
composite_30d,ehr+ctpa,cca_r0.1_k20,0.8352136322476902,0.004345814901402505,20.0,0.1
composite_30d,ehr+ctpa,ccaaug_r0.1_k20,0.8340556989545301,0.0071574081101128595,20.0,0.1
composite_30d,ehr+ctpa,cca_r0.5_k5,0.8368130410357381,0.0023443627420542913,5.0,0.5
composite_30d,ehr+ctpa,ccaaug_r0.5_k5,0.8400548245967374,0.009025046870202297,5.0,0.5
composite_30d,ehr+ctpa,cca_r0.5_k10,0.8286752834949391,0.00543474098218117,10.0,0.5
composite_30d,ehr+ctpa,ccaaug_r0.5_k10,0.8378485212719221,0.00869615745798164,10.0,0.5
composite_30d,ehr+ctpa,cca_r0.5_k20,0.8224602537785898,0.0024033427502904757,20.0,0.5
composite_30d,ehr+ctpa,ccaaug_r0.5_k20,0.8332490125879595,0.006982240913878163,20.0,0.5
composite_30d,ehr+ctpa,kcca_r0.1,0.4567396980995071,0.025174903683982678,,0.1
composite_30d,ehr+ctpa,kcca_r0.5,0.45706570250996537,0.028783463509957575,,0.5
composite_30d,ehr+ctpa,pls5,0.8231541544347879,0.005954771915159026,5.0,
composite_30d,ehr+ctpa,pls10,0.8215418558512689,0.007929474588129086,10.0,
composite_30d,ehr+ctpa,pls20,0.8204043314009382,0.006181428330289949,20.0,
composite_30d,all3,late_wsrc,0.8495862912728566,0.0017761930421574532,,
composite_30d,all3,early,0.8295399739411301,0.004086004594749607,,
composite_30d,all3,gcca_r0.1_k5,0.8372910376177939,0.008181724274066729,5.0,0.1
composite_30d,all3,gccaaug_r0.1_k5,0.8254313516346946,0.0007170968497005128,5.0,0.1
composite_30d,all3,gcca_r0.1_k10,0.8379226375958813,0.004270823627216419,10.0,0.1
composite_30d,all3,gccaaug_r0.1_k10,0.8206728688065876,0.0035629871669181105,10.0,0.1
composite_30d,all3,gcca_r0.1_k20,0.8311726813674785,0.0020086250420572353,20.0,0.1
composite_30d,all3,gccaaug_r0.1_k20,0.8171818825331455,0.0051953534830523436,20.0,0.1
composite_30d,all3,gcca_r0.5_k5,0.8244603203758665,0.003923192207517316,5.0,0.5
composite_30d,all3,gccaaug_r0.5_k5,0.82485882988585,0.0017806073677784733,5.0,0.5
composite_30d,all3,gcca_r0.5_k10,0.8284346739794772,0.005666907300489716,10.0,0.5
composite_30d,all3,gccaaug_r0.5_k10,0.8231702666791266,0.0021443413860712367,10.0,0.5
composite_30d,all3,gcca_r0.5_k20,0.8259566108001448,0.0033498938234444962,20.0,0.5
composite_30d,all3,gccaaug_r0.5_k20,0.8166566233676953,0.003909820375424928,20.0,0.5
composite_30d,all3,pls5,0.80558428905796,0.002807513768102292,5.0,
composite_30d,all3,pls10,0.7795737559467608,0.007331764735176925,10.0,
composite_30d,all3,pls20,0.7566632186463781,0.00806357997562698,20.0,
cv_first,single,uni_ehr,0.8028018175290024,0.0077107683197669375,,
cv_first,single,uni_ecg,0.6973653258056928,0.009119814065843657,,
cv_first,single,uni_ctpa,0.6163008084785004,0.006397877668688652,,
cv_first,ehr+ecg,late_wsrc,0.8057314687565773,0.008268514662456565,,
cv_first,ehr+ecg,early,0.7223780163181418,0.002890093908049754,,
cv_first,ehr+ecg,pca10,0.7070596392180168,0.007488017786295195,10.0,
cv_first,ehr+ecg,pca20,0.7071215441567927,0.015191143716987533,20.0,
cv_first,ehr+ecg,pca40,0.6672423825972835,0.02612566625346425,40.0,
cv_first,ehr+ecg,cca_r0.1_k5,0.7651636147531851,0.008940885859880591,5.0,0.1
cv_first,ehr+ecg,ccaaug_r0.1_k5,0.7232013520038628,0.013949692474278201,5.0,0.1
cv_first,ehr+ecg,cca_r0.1_k10,0.7805562777798413,0.009986857777104381,10.0,0.1
cv_first,ehr+ecg,ccaaug_r0.1_k10,0.7228206366303903,0.014950766523266518,10.0,0.1
cv_first,ehr+ecg,cca_r0.1_k20,0.7672188587205486,0.009848355908088299,20.0,0.1
cv_first,ehr+ecg,ccaaug_r0.1_k20,0.7271570775916504,0.011836143755763353,20.0,0.1
cv_first,ehr+ecg,cca_r0.5_k5,0.7275780311753272,0.015118661352805391,5.0,0.5
cv_first,ehr+ecg,ccaaug_r0.5_k5,0.7220499201426289,0.013239356432418397,5.0,0.5
cv_first,ehr+ecg,cca_r0.5_k10,0.730391610642697,0.019393323233788114,10.0,0.5
cv_first,ehr+ecg,ccaaug_r0.5_k10,0.7205672968589435,0.015325395304823925,10.0,0.5
cv_first,ehr+ecg,cca_r0.5_k20,0.7453137961346558,0.005998511904443122,20.0,0.5
cv_first,ehr+ecg,ccaaug_r0.5_k20,0.7199761046936324,0.01719696720070589,20.0,0.5
cv_first,ehr+ecg,kcca_r0.1,0.4385980388515396,0.03549028027547148,,0.1
cv_first,ehr+ecg,kcca_r0.5,0.43887661107603165,0.035342481957166404,,0.5
cv_first,ehr+ecg,pls5,0.6965357996260941,0.0157348798380907,5.0,
cv_first,ehr+ecg,pls10,0.7118758434547908,0.010755679373020707,10.0,
cv_first,ehr+ecg,pls20,0.6754695489606161,0.008301189155081027,20.0,
cv_first,ecg+ctpa,late_wsrc,0.7123695353415295,0.009403825418039908,,
cv_first,ecg+ctpa,early,0.6886893486362342,0.02226478294045425,,
cv_first,ecg+ctpa,pca10,0.687200534858671,0.004802047940450345,10.0,
cv_first,ecg+ctpa,pca20,0.6756335970483724,0.012811971517677889,20.0,
cv_first,ecg+ctpa,pca40,0.6693316742809742,0.015194321946391025,40.0,
cv_first,ecg+ctpa,cca_r0.1_k5,0.6683721477299459,0.011698800177985975,5.0,0.1
cv_first,ecg+ctpa,ccaaug_r0.1_k5,0.6909334026668649,0.022709172884866492,5.0,0.1
cv_first,ecg+ctpa,cca_r0.1_k10,0.6530661516175761,0.014157180044732008,10.0,0.1
cv_first,ecg+ctpa,ccaaug_r0.1_k10,0.6911593556933973,0.021651268045449864,10.0,0.1
cv_first,ecg+ctpa,cca_r0.1_k20,0.658677834317622,0.02033893593649629,20.0,0.1
cv_first,ecg+ctpa,ccaaug_r0.1_k20,0.6972910398791615,0.022865846559508844,20.0,0.1
cv_first,ecg+ctpa,cca_r0.5_k5,0.6694585794054649,0.041214331820121616,5.0,0.5
cv_first,ecg+ctpa,ccaaug_r0.5_k5,0.6905743540219639,0.023635051266654234,5.0,0.5
cv_first,ecg+ctpa,cca_r0.5_k10,0.6637323725686836,0.01158206001347545,10.0,0.5
cv_first,ecg+ctpa,ccaaug_r0.5_k10,0.6923076923076922,0.02051974132667602,10.0,0.5
cv_first,ecg+ctpa,cca_r0.5_k20,0.6609404598298853,0.02196509948094078,20.0,0.5
cv_first,ecg+ctpa,ccaaug_r0.5_k20,0.7002996199036761,0.017929470306811125,20.0,0.5
cv_first,ecg+ctpa,kcca_r0.1,0.44771973158018546,0.02017326355328675,,0.1
cv_first,ecg+ctpa,kcca_r0.5,0.44380114895566364,0.029155790510241374,,0.5
cv_first,ecg+ctpa,pls5,0.6545797273706496,0.0016269667292406853,5.0,
cv_first,ecg+ctpa,pls10,0.6400754002154292,0.020514345184738672,10.0,
cv_first,ecg+ctpa,pls20,0.6091538832968094,0.02897831562711195,20.0,
cv_first,ehr+ctpa,late_wsrc,0.8037365821045203,0.007596296460357736,,
cv_first,ehr+ctpa,early,0.7870965345615272,0.005805630513813735,,
cv_first,ehr+ctpa,pca10,0.755175252881675,0.014944482732366447,10.0,
cv_first,ehr+ctpa,pca20,0.7630867040572497,0.009825938800279606,20.0,
cv_first,ehr+ctpa,pca40,0.7683052903960679,0.02826998206316848,40.0,
cv_first,ehr+ctpa,cca_r0.1_k5,0.7634550384429669,0.00806445072572707,5.0,0.1
cv_first,ehr+ctpa,ccaaug_r0.1_k5,0.7875298691329594,0.004686350038861387,5.0,0.1
cv_first,ehr+ctpa,cca_r0.1_k10,0.7595705035347721,0.0035282190219065312,10.0,0.1
cv_first,ehr+ctpa,ccaaug_r0.1_k10,0.7849174807166116,0.00576005163705358,10.0,0.1
cv_first,ehr+ctpa,cca_r0.1_k20,0.7717441097450756,0.008851436492113248,20.0,0.1
cv_first,ehr+ctpa,ccaaug_r0.1_k20,0.7820419963104657,0.00564263177365993,20.0,0.1
cv_first,ehr+ctpa,cca_r0.5_k5,0.7344897175896693,0.005967418559831269,5.0,0.5
cv_first,ehr+ctpa,ccaaug_r0.5_k5,0.7872358206737733,0.0058623037326454575,5.0,0.5
cv_first,ehr+ctpa,cca_r0.5_k10,0.7318030432467902,0.006503793676487205,10.0,0.5
cv_first,ehr+ctpa,ccaaug_r0.5_k10,0.7813208037737249,0.007519564016960813,10.0,0.5
cv_first,ehr+ctpa,cca_r0.5_k20,0.745292129406084,0.009007853030305988,20.0,0.5
cv_first,ehr+ctpa,ccaaug_r0.5_k20,0.7785319862818656,0.004093530486333118,20.0,0.5
cv_first,ehr+ctpa,kcca_r0.1,0.4535914150230906,0.023282082939845593,,0.1
cv_first,ehr+ctpa,kcca_r0.5,0.4513334323812353,0.02779934931141344,,0.5
cv_first,ehr+ctpa,pls5,0.728868749148807,0.017492547296555847,5.0,
cv_first,ehr+ctpa,pls10,0.7290173210018697,0.020111706339676853,10.0,
cv_first,ehr+ctpa,pls20,0.7157541878691082,0.01777167317696644,20.0,
cv_first,all3,late_wsrc,0.8064820661392366,0.00832682509397891,,
cv_first,all3,early,0.7177630031323897,0.020953496538317382,,
cv_first,all3,gcca_r0.1_k5,0.7750003095246938,0.00610949058393347,5.0,0.1
cv_first,all3,gccaaug_r0.1_k5,0.7233808763263133,0.02277719035469126,5.0,0.1
cv_first,all3,gcca_r0.1_k10,0.7753841201451052,0.010355013901052004,10.0,0.1
cv_first,all3,gccaaug_r0.1_k10,0.7256125493691886,0.020210479060020006,10.0,0.1
cv_first,all3,gcca_r0.1_k20,0.7681040993450458,0.006913508945984101,20.0,0.1
cv_first,all3,gccaaug_r0.1_k20,0.7276027931508375,0.02116351118837278,20.0,0.1
cv_first,all3,gcca_r0.5_k5,0.723913258799787,0.021692612147627844,5.0,0.5
cv_first,all3,gccaaug_r0.5_k5,0.717450383191571,0.01938927684525696,5.0,0.5
cv_first,all3,gcca_r0.5_k10,0.7357742450692717,0.015358741627324103,10.0,0.5
cv_first,all3,gccaaug_r0.5_k10,0.7214308707548689,0.014738469675594895,10.0,0.5
cv_first,all3,gcca_r0.5_k20,0.7314006611447462,0.019732380579077637,20.0,0.5
cv_first,all3,gccaaug_r0.5_k20,0.7312304225631121,0.013595571899418388,20.0,0.5
cv_first,all3,pls5,0.6937284106526018,0.004167249710821413,5.0,
cv_first,all3,pls10,0.6888688729586846,0.01317228184467837,10.0,
cv_first,all3,pls20,0.6514256707400116,0.009537555818424817,20.0,
death_30d_inhosp,single,uni_ehr,0.8717393721699418,0.014284007387349302,,
death_30d_inhosp,single,uni_ecg,0.718386747246552,0.0071224522743579466,,
death_30d_inhosp,single,uni_ctpa,0.7513945026726351,0.020955332731636696,,
death_30d_inhosp,ehr+ecg,late_wsrc,0.8736943912158616,0.013082985357237483,,
death_30d_inhosp,ehr+ecg,early,0.8336009847503342,0.016058077446296653,,
death_30d_inhosp,ehr+ecg,pca10,0.7439597410892765,0.012030436501993813,10.0,
death_30d_inhosp,ehr+ecg,pca20,0.8215579639873077,0.0041641306030718,20.0,
death_30d_inhosp,ehr+ecg,pca40,0.8217053662169606,0.013120633440754734,40.0,
death_30d_inhosp,ehr+ecg,cca_r0.1_k5,0.8589205501982172,0.012685967690909685,5.0,0.1
death_30d_inhosp,ehr+ecg,ccaaug_r0.1_k5,0.8388893629896276,0.012662090596789254,5.0,0.1
death_30d_inhosp,ehr+ecg,cca_r0.1_k10,0.857249991595487,0.010663782938420982,10.0,0.1
death_30d_inhosp,ehr+ecg,ccaaug_r0.1_k10,0.8365645453675615,0.0150042046351743,10.0,0.1
death_30d_inhosp,ehr+ecg,cca_r0.1_k20,0.849507495532678,0.009299835350463958,20.0,0.1
death_30d_inhosp,ehr+ecg,ccaaug_r0.1_k20,0.8554346167671328,0.009309541233976782,20.0,0.1
death_30d_inhosp,ehr+ecg,cca_r0.5_k5,0.8657243267985012,0.01038189282273649,5.0,0.5
death_30d_inhosp,ehr+ecg,ccaaug_r0.5_k5,0.8512065001797273,0.01182015908505613,5.0,0.5
death_30d_inhosp,ehr+ecg,cca_r0.5_k10,0.8539243904142003,0.004655124026904389,10.0,0.5
death_30d_inhosp,ehr+ecg,ccaaug_r0.5_k10,0.850032454350564,0.010567689248553567,10.0,0.5
death_30d_inhosp,ehr+ecg,cca_r0.5_k20,0.8492101050693437,0.00611738971636445,20.0,0.5
death_30d_inhosp,ehr+ecg,ccaaug_r0.5_k20,0.8552587684931613,0.008496787202798433,20.0,0.5
death_30d_inhosp,ehr+ecg,kcca_r0.1,0.43927286738712734,0.03159408734938297,,0.1
death_30d_inhosp,ehr+ecg,kcca_r0.5,0.4395599138343458,0.03145218331961652,,0.5
death_30d_inhosp,ehr+ecg,pls5,0.8326338192434903,0.008921094361902079,5.0,
death_30d_inhosp,ehr+ecg,pls10,0.8031869913653326,0.011291969814521654,10.0,
death_30d_inhosp,ehr+ecg,pls20,0.7793595502421792,0.01960624076532997,20.0,
death_30d_inhosp,ecg+ctpa,late_wsrc,0.7851534922691409,0.010918405689400956,,
death_30d_inhosp,ecg+ctpa,early,0.7796672847216296,0.00873364850833759,,
death_30d_inhosp,ecg+ctpa,pca10,0.7088469783835922,0.0070984298544646595,10.0,
death_30d_inhosp,ecg+ctpa,pca20,0.7421728123052415,0.004262421099522622,20.0,
death_30d_inhosp,ecg+ctpa,pca40,0.7706498886725267,0.009246779130190745,40.0,
death_30d_inhosp,ecg+ctpa,cca_r0.1_k5,0.7403884695252355,0.017406134171057602,5.0,0.1
death_30d_inhosp,ecg+ctpa,ccaaug_r0.1_k5,0.7840531475548037,0.009710206152990652,5.0,0.1
death_30d_inhosp,ecg+ctpa,cca_r0.1_k10,0.7603601786411583,0.0052152213239209065,10.0,0.1
death_30d_inhosp,ecg+ctpa,ccaaug_r0.1_k10,0.7841100396434416,0.00804011942117076,10.0,0.1
death_30d_inhosp,ecg+ctpa,cca_r0.1_k20,0.7602076044034476,0.016183949575597077,20.0,0.1
death_30d_inhosp,ecg+ctpa,ccaaug_r0.1_k20,0.7744047665226262,0.014082005811409448,20.0,0.1
death_30d_inhosp,ecg+ctpa,cca_r0.5_k5,0.7208486230821546,0.03754414290949076,5.0,0.5
death_30d_inhosp,ecg+ctpa,ccaaug_r0.5_k5,0.7777872597925507,0.017045200018284544,5.0,0.5
death_30d_inhosp,ecg+ctpa,cca_r0.5_k10,0.7652115221995516,0.010953480642251616,10.0,0.5
death_30d_inhosp,ecg+ctpa,ccaaug_r0.5_k10,0.7842626138811525,0.008552701958420054,10.0,0.5
death_30d_inhosp,ecg+ctpa,cca_r0.5_k20,0.746532815098126,0.011390374358871911,20.0,0.5
death_30d_inhosp,ecg+ctpa,ccaaug_r0.5_k20,0.7772778169988389,0.014399192983670537,20.0,0.5
death_30d_inhosp,ecg+ctpa,kcca_r0.1,0.4769018120130231,0.02324930296766239,,0.1
death_30d_inhosp,ecg+ctpa,kcca_r0.5,0.47944256097151006,0.017877422872736505,,0.5
death_30d_inhosp,ecg+ctpa,pls5,0.76642435808915,0.015498543930687421,5.0,
death_30d_inhosp,ecg+ctpa,pls10,0.7025086825085273,0.026171381356297825,10.0,
death_30d_inhosp,ecg+ctpa,pls20,0.69900464704924,0.011833224400092731,20.0,
death_30d_inhosp,ehr+ctpa,late_wsrc,0.877524263182802,0.014247028404728362,,
death_30d_inhosp,ehr+ctpa,early,0.8716721360651879,0.0163879211157687,,
death_30d_inhosp,ehr+ctpa,pca10,0.8984631378055686,0.00332886526415006,10.0,
death_30d_inhosp,ehr+ctpa,pca20,0.8849357507298996,0.005365922218298352,20.0,
death_30d_inhosp,ehr+ctpa,pca40,0.8497738539476644,0.007305629813503928,40.0,
death_30d_inhosp,ehr+ctpa,cca_r0.1_k5,0.8835108625099238,0.007928165821165256,5.0,0.1
death_30d_inhosp,ehr+ctpa,ccaaug_r0.1_k5,0.8696653969386885,0.006226987623846572,5.0,0.1
death_30d_inhosp,ehr+ctpa,cca_r0.1_k10,0.8696447089064566,0.008554278137531637,10.0,0.1
death_30d_inhosp,ehr+ctpa,ccaaug_r0.1_k10,0.8647545752876282,0.009068001137249447,10.0,0.1
death_30d_inhosp,ehr+ctpa,cca_r0.1_k20,0.8537769881845477,0.006939805249642258,20.0,0.1
death_30d_inhosp,ehr+ctpa,ccaaug_r0.1_k20,0.8590601944157829,0.008026026273778873,20.0,0.1
death_30d_inhosp,ehr+ctpa,cca_r0.5_k5,0.8754089118870847,0.005990257154012735,5.0,0.5
death_30d_inhosp,ehr+ctpa,ccaaug_r0.5_k5,0.8687577095245116,0.006997843013649488,5.0,0.5
death_30d_inhosp,ehr+ctpa,cca_r0.5_k10,0.8667923464624758,0.022001297352902426,10.0,0.5
death_30d_inhosp,ehr+ctpa,ccaaug_r0.5_k10,0.8621142651740251,0.008670408360725723,10.0,0.5
death_30d_inhosp,ehr+ctpa,cca_r0.5_k20,0.863960672050727,0.008056733215518476,20.0,0.5
death_30d_inhosp,ehr+ctpa,ccaaug_r0.5_k20,0.8595230891369728,0.007473395497628417,20.0,0.5
death_30d_inhosp,ehr+ctpa,kcca_r0.1,0.4822470823409543,0.017850765342720454,,0.1
death_30d_inhosp,ehr+ctpa,kcca_r0.5,0.481201043711226,0.016888773730696485,,0.5
death_30d_inhosp,ehr+ctpa,pls5,0.8516487068686853,0.010146591079103866,5.0,
death_30d_inhosp,ehr+ctpa,pls10,0.8472783600596849,0.005914233051568544,10.0,
death_30d_inhosp,ehr+ctpa,pls20,0.8195770849010983,0.006078848444593682,20.0,
death_30d_inhosp,all3,late_wsrc,0.880057254129202,0.01289126425761358,,
death_30d_inhosp,all3,early,0.852217627755064,0.014553342114641883,,
death_30d_inhosp,all3,gcca_r0.1_k5,0.8600325319306847,0.0052117233508741185,5.0,0.1
death_30d_inhosp,all3,gccaaug_r0.1_k5,0.8657294988065593,0.00448807760341083,5.0,0.1
death_30d_inhosp,all3,gcca_r0.1_k10,0.8600842520112647,0.0020995852550382485,10.0,0.1
death_30d_inhosp,all3,gccaaug_r0.1_k10,0.864834741412527,0.004346428146902062,10.0,0.1
death_30d_inhosp,all3,gcca_r0.1_k20,0.862683186060404,0.0102661484039812,20.0,0.1
death_30d_inhosp,all3,gccaaug_r0.1_k20,0.8603945724947439,0.006552792865580127,20.0,0.1
death_30d_inhosp,all3,gcca_r0.5_k5,0.8784966006977039,0.008963577531623338,5.0,0.5
death_30d_inhosp,all3,gccaaug_r0.5_k5,0.8665621921038952,0.004347782673643415,5.0,0.5
death_30d_inhosp,all3,gcca_r0.5_k10,0.867560389659087,0.010872333820519524,10.0,0.5
death_30d_inhosp,all3,gccaaug_r0.5_k10,0.8646950971949615,0.004315312429335588,10.0,0.5
death_30d_inhosp,all3,gcca_r0.5_k20,0.8590033023271451,0.005917915832147535,20.0,0.5
death_30d_inhosp,all3,gccaaug_r0.5_k20,0.8621142651740251,0.00520829236464595,20.0,0.5
death_30d_inhosp,all3,pls5,0.8333604863756379,0.010257137477255904,5.0,
death_30d_inhosp,all3,pls10,0.7741539241318138,0.011202366188977055,10.0,
death_30d_inhosp,all3,pls20,0.7541666989917171,0.007752072347921662,20.0,
