outcome,direction,method,nfeat,auc,sd,k,reg,cancorr1,cancorr_mean
death_30d,I2M,ehr,28,0.8571045599971874,0.0,,,,
death_30d,I2M,ctpa,38,0.7432276834370496,1.3597399555105182e-16,,,,
death_30d,I2M,early,66,0.8556850543191649,1.3597399555105182e-16,,,,
death_30d,I2M,late_wsrc,1,0.8668279541539219,,,,,
death_30d,I2M,pca10,10,0.8438060331188694,0.0,10.0,,,
death_30d,I2M,pca20,20,0.8523494357135325,1.3597399555105182e-16,20.0,,,
death_30d,I2M,pca40,40,0.8290880005625286,1.3597399555105182e-16,40.0,,,
death_30d,I2M,cca_r0.01_k5,10,0.8293385015645325,0.0,5.0,0.01,0.5181452066887559,0.3795553072577615
death_30d,I2M,ccaaug_r0.01_k5,76,0.8539271525507154,1.3597399555105182e-16,5.0,0.01,,
death_30d,I2M,cca_r0.01_k10,20,0.8340936258481876,0.0,10.0,0.01,0.5181452066887559,0.28166583170144366
death_30d,I2M,ccaaug_r0.01_k10,86,0.8524549098196393,1.3597399555105182e-16,10.0,0.01,,
death_30d,I2M,cca_r0.01_k20,40,0.8361679499349576,0.0,20.0,0.01,0.5181452066887559,0.19022288926961864
death_30d,I2M,ccaaug_r0.01_k20,106,0.84568698801111,0.0,20.0,0.01,,
death_30d,I2M,cca_r0.10_k5,10,0.8327664100130084,0.0,5.0,0.1,0.48942433894790477,0.353592347245838
death_30d,I2M,ccaaug_r0.10_k5,76,0.8541161269908238,0.0,5.0,0.1,,
death_30d,I2M,cca_r0.10_k10,20,0.8376929297190875,1.3597399555105182e-16,10.0,0.1,0.48942433894790477,0.2580852291186346
death_30d,I2M,ccaaug_r0.10_k10,86,0.8523230671870056,0.0,10.0,0.1,,
death_30d,I2M,cca_r0.10_k20,40,0.838259853039412,1.3597399555105182e-16,20.0,0.1,0.48942433894790477,0.1721266035475209
death_30d,I2M,ccaaug_r0.10_k20,106,0.845476039798896,1.3597399555105182e-16,20.0,0.1,,
death_30d,I2M,cca_r0.50_k5,10,0.8391871462222692,1.3597399555105182e-16,5.0,0.5,0.3989055411146753,0.2788426403423213
death_30d,I2M,ccaaug_r0.50_k5,76,0.8546742608023065,1.3597399555105182e-16,5.0,0.5,,
death_30d,I2M,cca_r0.50_k10,20,0.8447640895826739,1.3597399555105182e-16,10.0,0.5,0.3989055411146753,0.19742533822784986
death_30d,I2M,ccaaug_r0.50_k10,86,0.852661463277432,0.0,10.0,0.5,,
death_30d,I2M,cca_r0.50_k20,40,0.8416394191892557,0.0,20.0,0.5,0.3989055411146753,0.12820219629559435
death_30d,I2M,ccaaug_r0.50_k20,106,0.8467021762823895,1.3597399555105182e-16,20.0,0.5,,
death_30d,I2M,kcca_r0.10,20,0.8669092571107125,1.3597399555105182e-16,,0.1,,
death_30d,I2M,kcca_r0.50,20,0.8639691664029815,1.3597399555105182e-16,,0.5,,
death_30d,I2M,pls5,5,0.834893471152832,0.0,5.0,,,
death_30d,I2M,pls10,10,0.8345990226066166,1.3597399555105182e-16,10.0,,,
death_30d,M2I,ehr,28,0.7733513558121828,1.3597399555105182e-16,,,,
death_30d,M2I,ctpa,38,0.7158218463324123,0.0,,,,
death_30d,M2I,early,66,0.7856469723832799,1.3597399555105182e-16,,,,
death_30d,M2I,late_wsrc,1,0.7999052289147646,,,,,
death_30d,M2I,pca10,10,0.7762004781148008,0.0,10.0,,,
death_30d,M2I,pca20,20,0.7665290356243443,1.3597399555105182e-16,20.0,,,
death_30d,M2I,pca40,40,0.7714472822527833,0.0,40.0,,,
death_30d,M2I,cca_r0.01_k5,10,0.7963406647818934,0.0,5.0,0.01,0.5635126146400635,0.4046183775578033
death_30d,M2I,ccaaug_r0.01_k5,76,0.7908580510166595,0.0,5.0,0.01,,
death_30d,M2I,cca_r0.01_k10,20,0.7949923065045975,0.0,10.0,0.01,0.5635126146400635,0.32054655413839445
death_30d,M2I,ccaaug_r0.01_k10,86,0.7901818752961596,0.0,10.0,0.01,,
death_30d,M2I,cca_r0.01_k20,40,0.7944345946406419,0.0,20.0,0.01,0.5635126146400635,0.22735035760357242
death_30d,M2I,ccaaug_r0.01_k20,106,0.7892461439349167,0.0,20.0,0.01,,
death_30d,M2I,cca_r0.10_k5,10,0.7966002204226365,0.0,5.0,0.1,0.5287518323440535,0.3739534947727294
death_30d,M2I,ccaaug_r0.10_k5,76,0.7904494172643103,1.3597399555105182e-16,5.0,0.1,,
death_30d,M2I,cca_r0.10_k10,20,0.7944705331139755,0.0,10.0,0.1,0.5287518323440535,0.2903570439476661
death_30d,M2I,ccaaug_r0.10_k10,86,0.7897426272887483,0.0,10.0,0.1,,
death_30d,M2I,cca_r0.10_k20,40,0.7914676740087637,0.0,20.0,0.1,0.5287518323440535,0.20343640961554402
death_30d,M2I,ccaaug_r0.10_k20,106,0.7874279233951474,1.3597399555105182e-16,20.0,0.1,,
death_30d,M2I,cca_r0.50_k5,10,0.7957004275347273,0.0,5.0,0.5,0.4313581531786721,0.29248178795746094
death_30d,M2I,ccaaug_r0.50_k5,76,0.789743958343316,1.3597399555105182e-16,5.0,0.5,,
death_30d,M2I,cca_r0.50_k10,20,0.7951267430159566,1.3597399555105182e-16,10.0,0.5,0.4313581531786721,0.21913704290231056
death_30d,M2I,ccaaug_r0.50_k10,86,0.7890837552776314,0.0,10.0,0.5,,
death_30d,M2I,cca_r0.50_k20,40,0.7888122201457769,1.3597399555105182e-16,20.0,0.5,0.4313581531786721,0.14908316739685107
death_30d,M2I,ccaaug_r0.50_k20,106,0.7853541403783387,1.3597399555105182e-16,20.0,0.5,,
death_30d,M2I,kcca_r0.10,20,0.7809416944857072,1.3597399555105182e-16,,0.1,,
death_30d,M2I,kcca_r0.50,20,0.7821968789432491,0.0,,0.5,,
death_30d,M2I,pls5,5,0.7806315587713833,0.0,5.0,,,
death_30d,M2I,pls10,10,0.7827452734252294,0.0,10.0,,,
death_30d,M2M,ehr,28,0.8702507353889065,0.007417718420148424,,,,
death_30d,M2M,ctpa,38,0.7613150277162511,0.007020631650317809,,,,
death_30d,M2M,early,66,0.8769981483434707,0.005424939993330914,,,,
death_30d,M2M,late_wsrc,1,0.9064576521463981,,,,,
death_30d,M2M,pca10,10,0.8620618429842141,0.006074428225470934,10.0,,,
death_30d,M2M,pca20,20,0.861787903291964,0.006172557875678048,20.0,,,
death_30d,M2M,pca40,40,0.8671011613871017,0.009668545956494697,40.0,,,
death_30d,M2M,cca_r0.01_k5,10,0.8662837370647728,0.0029466962213215058,5.0,0.01,0.5635126146400635,0.4046183775578033
death_30d,M2M,ccaaug_r0.01_k5,76,0.8760957587689999,0.0027185182620551437,5.0,0.01,,
death_30d,M2M,cca_r0.01_k10,20,0.8610085668412849,0.0028527891992545904,10.0,0.01,0.5635126146400635,0.32054655413839445
death_30d,M2M,ccaaug_r0.01_k10,86,0.8751435619777567,0.008975597438937387,10.0,0.01,,
death_30d,M2M,cca_r0.01_k20,40,0.8586031712547904,0.003580689374887632,20.0,0.01,0.5635126146400635,0.22735035760357242
death_30d,M2M,ccaaug_r0.01_k20,106,0.8667598354603946,0.001711761078172128,20.0,0.01,,
death_30d,M2M,cca_r0.10_k5,10,0.8703415603136097,0.002704359902850285,5.0,0.1,0.5287518323440535,0.3739534947727294
death_30d,M2M,ccaaug_r0.10_k5,76,0.880808400426584,0.004695318136611067,5.0,0.1,,
death_30d,M2M,cca_r0.10_k10,20,0.8623562915304294,0.0015421267782745095,10.0,0.1,0.5287518323440535,0.2903570439476661
death_30d,M2M,ccaaug_r0.10_k10,86,0.8776251333075508,0.00678550841645901,10.0,0.1,,
death_30d,M2M,cca_r0.10_k20,40,0.8657094891537461,0.004652540346480853,20.0,0.1,0.5287518323440535,0.20343640961554402
death_30d,M2M,ccaaug_r0.10_k20,106,0.8668037830046057,0.0015996121296062346,20.0,0.1,,
death_30d,M2M,cca_r0.50_k5,10,0.8766568224167633,0.0031549103001776006,5.0,0.5,0.4313581531786721,0.29248178795746094
death_30d,M2M,ccaaug_r0.50_k5,76,0.8804421708914907,0.004749085446689178,5.0,0.5,,
death_30d,M2M,cca_r0.50_k10,20,0.8683141136073317,0.004889776722602759,10.0,0.5,0.4313581531786721,0.21913704290231056
death_30d,M2M,ccaaug_r0.50_k10,86,0.8775343083828476,0.006375984979090524,10.0,0.5,,
death_30d,M2M,cca_r0.50_k20,40,0.868240867700313,0.003971953663324341,20.0,0.5,0.4313581531786721,0.14908316739685107
death_30d,M2M,ccaaug_r0.50_k20,106,0.8703254462140655,0.004491882628735236,20.0,0.5,,
death_30d,M2M,kcca_r0.10,20,0.8638592975424534,0.004392308059397943,,0.1,,
death_30d,M2M,kcca_r0.50,20,0.8647646169532047,0.0046680505530468505,,0.5,,
death_30d,M2M,pls5,5,0.9069615839866868,0.0015902959984591526,5.0,,,
death_30d,M2M,pls10,10,0.8966412356877497,0.005663166445223903,10.0,,,
death_30d,I2I,ehr,28,0.7794899576369699,0.0032886397111551017,,,,
death_30d,I2I,ctpa,38,0.702505532750154,0.003055454702478937,,,,
death_30d,I2I,early,66,0.8032852201475519,0.002272313396425562,,,,
death_30d,I2I,late_wsrc,1,0.8294553058497185,,,,,
death_30d,I2I,pca10,10,0.7615664205103085,0.005776005794176776,10.0,,,
death_30d,I2I,pca20,20,0.759906595464121,0.0020682336604743914,20.0,,,
death_30d,I2I,pca40,40,0.778293783265272,0.0011849991914433273,40.0,,,
death_30d,I2I,cca_r0.01_k5,10,0.7830997776251502,0.0012012878703375602,5.0,0.01,0.5181452066887559,0.3795553072577615
death_30d,I2I,ccaaug_r0.01_k5,76,0.80319293369751,0.004443444533883611,5.0,0.01,,
death_30d,I2I,cca_r0.01_k10,20,0.7833828485632597,0.0033248887874259875,10.0,0.01,0.5181452066887559,0.28166583170144366
death_30d,I2I,ccaaug_r0.01_k10,86,0.8003804153955095,0.008112553525663774,10.0,0.01,,
death_30d,I2I,cca_r0.01_k20,40,0.7892381576075093,0.004992164297520454,20.0,0.01,0.5181452066887559,0.19022288926961864
death_30d,I2I,ccaaug_r0.01_k20,106,0.7951653435984262,0.007135499495169727,20.0,0.01,,
death_30d,I2I,cca_r0.10_k5,10,0.785030694118336,0.001575164036863754,5.0,0.1,0.48942433894790477,0.353592347245838
death_30d,I2I,ccaaug_r0.10_k5,76,0.8030052550034341,0.004275861926644025,5.0,0.1,,
death_30d,I2I,cca_r0.10_k10,20,0.7854504199920846,0.003132668620564954,10.0,0.1,0.48942433894790477,0.2580852291186346
death_30d,I2I,ccaaug_r0.10_k10,86,0.8005685377744413,0.008131364892801156,10.0,0.1,,
death_30d,I2I,cca_r0.10_k20,40,0.7955673220779359,0.00327482517820555,20.0,0.1,0.48942433894790477,0.1721266035475209
death_30d,I2I,ccaaug_r0.10_k20,106,0.7955850694721747,0.007452265390092213,20.0,0.1,,
death_30d,I2I,cca_r0.50_k5,10,0.7857929447008942,0.002865203196972456,5.0,0.5,0.3989055411146753,0.2788426403423213
death_30d,I2I,ccaaug_r0.50_k5,76,0.8029116374988242,0.004238043116051465,5.0,0.5,,
death_30d,I2I,cca_r0.50_k10,20,0.7890247451917872,0.004773207026249385,10.0,0.5,0.3989055411146753,0.19742533822784986
death_30d,I2I,ccaaug_r0.50_k10,86,0.8027740951934733,0.004905414901904846,10.0,0.5,,
death_30d,I2I,cca_r0.50_k20,40,0.7947935356891224,0.0027828987633950353,20.0,0.5,0.3989055411146753,0.12820219629559435
death_30d,I2I,ccaaug_r0.50_k20,106,0.798580829619691,0.010439813972023107,20.0,0.5,,
death_30d,I2I,kcca_r0.10,20,0.8015796955611991,0.004021511269308047,,0.1,,
death_30d,I2I,kcca_r0.50,20,0.7960598122680637,0.001963057309269786,,0.5,,
death_30d,I2I,pls5,5,0.832218796975134,0.0038072891952531315,5.0,,,
death_30d,I2I,pls10,10,0.8301774029528115,0.004369324639142,10.0,,,
composite_30d,I2M,ehr,28,0.8215154708305392,0.0,,,,
composite_30d,I2M,ctpa,38,0.7093559408627902,1.3597399555105182e-16,,,,
composite_30d,I2M,early,66,0.8299198518376599,0.0,,,,
composite_30d,I2M,late_wsrc,1,0.8316233994316184,,,,,
composite_30d,I2M,pca10,10,0.8045981415844429,0.0,10.0,,,
composite_30d,I2M,pca20,20,0.8163968451639686,1.3597399555105182e-16,20.0,,,
composite_30d,I2M,pca40,40,0.8313248395440175,1.3597399555105182e-16,40.0,,,
composite_30d,I2M,cca_r0.01_k5,10,0.7979180636714883,0.0,5.0,0.01,0.5181452066887559,0.3795553072577615
composite_30d,I2M,ccaaug_r0.01_k5,76,0.8302359740715906,0.0,5.0,0.01,,
composite_30d,I2M,cca_r0.01_k10,20,0.7972858192036275,1.3597399555105182e-16,10.0,0.01,0.5181452066887559,0.28166583170144366
composite_30d,I2M,ccaaug_r0.01_k10,86,0.8294664239869719,0.0,10.0,0.01,,
composite_30d,I2M,cca_r0.01_k20,40,0.8158156911581568,1.3597399555105182e-16,20.0,0.01,0.5181452066887559,0.19022288926961864
composite_30d,I2M,ccaaug_r0.01_k20,106,0.8314461793913847,1.3597399555105182e-16,20.0,0.01,,
composite_30d,I2M,cca_r0.10_k5,10,0.8033113005715745,0.0,5.0,0.1,0.48942433894790477,0.353592347245838
composite_30d,I2M,ccaaug_r0.10_k5,76,0.830405211227129,0.0,5.0,0.1,,
composite_30d,I2M,cca_r0.10_k10,20,0.8019286649423635,0.0,10.0,0.1,0.48942433894790477,0.2580852291186346
composite_30d,I2M,ccaaug_r0.10_k10,86,0.8294791966024843,0.0,10.0,0.1,,
composite_30d,I2M,cca_r0.10_k20,40,0.8222818277612798,0.0,20.0,0.1,0.48942433894790477,0.1721266035475209
composite_30d,I2M,ccaaug_r0.10_k20,106,0.8316697001628509,0.0,20.0,0.1,,
composite_30d,I2M,cca_r0.50_k5,10,0.8150748794584409,1.3597399555105182e-16,5.0,0.5,0.3989055411146753,0.2788426403423213
composite_30d,I2M,ccaaug_r0.50_k5,76,0.831302487466871,0.0,5.0,0.5,,
composite_30d,I2M,cca_r0.50_k10,20,0.808787559472491,0.0,10.0,0.5,0.3989055411146753,0.19742533822784986
composite_30d,I2M,ccaaug_r0.50_k10,86,0.8296771721429254,0.0,10.0,0.5,,
composite_30d,I2M,cca_r0.50_k20,40,0.8231950697704122,0.0,20.0,0.5,0.3989055411146753,0.12820219629559435
composite_30d,I2M,ccaaug_r0.50_k20,106,0.8317016317016317,0.0,20.0,0.5,,
composite_30d,I2M,kcca_r0.10,20,0.8183734074145033,0.0,,0.1,,
composite_30d,I2M,kcca_r0.50,20,0.8207810454385797,0.0,,0.5,,
composite_30d,I2M,pls5,5,0.817798639716448,1.3597399555105182e-16,5.0,,,
composite_30d,I2M,pls10,10,0.8180508988728166,0.0,10.0,,,
composite_30d,M2I,ehr,28,0.7408009351919093,1.3597399555105182e-16,,,,
composite_30d,M2I,ctpa,38,0.6492874475282949,0.0,,,,
composite_30d,M2I,early,66,0.7460330505322448,0.0,,,,
composite_30d,M2I,late_wsrc,1,0.7517678315237606,,,,,
composite_30d,M2I,pca10,10,0.7420528170885067,0.0,10.0,,,
composite_30d,M2I,pca20,20,0.7432288917621636,1.3597399555105182e-16,20.0,,,
composite_30d,M2I,pca40,40,0.7413542570715032,0.0,40.0,,,
composite_30d,M2I,cca_r0.01_k5,10,0.7358047432650241,0.0,5.0,0.01,0.5635126146400635,0.4046183775578033
composite_30d,M2I,ccaaug_r0.01_k5,76,0.7509952354806143,0.0,5.0,0.01,,
composite_30d,M2I,cca_r0.01_k10,20,0.744419136010202,0.0,10.0,0.01,0.5635126146400635,0.32054655413839445
composite_30d,M2I,ccaaug_r0.01_k10,86,0.7510781274907455,0.0,10.0,0.01,,
composite_30d,M2I,cca_r0.01_k20,40,0.7403708886094332,1.3597399555105182e-16,20.0,0.01,0.5635126146400635,0.22735035760357242
composite_30d,M2I,ccaaug_r0.01_k20,106,0.7491496484174357,0.0,20.0,0.01,,
composite_30d,M2I,cca_r0.10_k5,10,0.7384147788660798,0.0,5.0,0.1,0.5287518323440535,0.3739534947727294
composite_30d,M2I,ccaaug_r0.10_k5,76,0.7511064666395083,0.0,5.0,0.1,,
composite_30d,M2I,cca_r0.10_k10,20,0.7446876494447298,0.0,10.0,0.1,0.5287518323440535,0.2903570439476661
composite_30d,M2I,ccaaug_r0.10_k10,86,0.7508407871198569,1.3597399555105182e-16,10.0,0.1,,
composite_30d,M2I,cca_r0.10_k20,40,0.7417772188667883,1.3597399555105182e-16,20.0,0.1,0.5287518323440535,0.20343640961554402
composite_30d,M2I,ccaaug_r0.10_k20,106,0.7489640269930392,0.0,20.0,0.1,,
composite_30d,M2I,cca_r0.50_k5,10,0.7448668945606546,1.3597399555105182e-16,5.0,0.5,0.4313581531786721,0.29248178795746094
composite_30d,M2I,ccaaug_r0.50_k5,76,0.7511284294797994,1.3597399555105182e-16,5.0,0.5,,
composite_30d,M2I,cca_r0.50_k10,20,0.7459451991710799,0.0,10.0,0.5,0.4313581531786721,0.21913704290231056
composite_30d,M2I,ccaaug_r0.50_k10,86,0.7504511238243681,0.0,10.0,0.5,,
composite_30d,M2I,cca_r0.50_k20,40,0.7452742698241202,0.0,20.0,0.5,0.4313581531786721,0.14908316739685107
composite_30d,M2I,ccaaug_r0.50_k20,106,0.7487861988345524,0.0,20.0,0.5,,
composite_30d,M2I,kcca_r0.10,20,0.7387272179811899,0.0,,0.1,,
composite_30d,M2I,kcca_r0.50,20,0.7368079491312279,1.3597399555105182e-16,,0.5,,
composite_30d,M2I,pls5,5,0.7369879027258719,0.0,5.0,,,
composite_30d,M2I,pls10,10,0.7376056961689011,1.3597399555105182e-16,10.0,,,
composite_30d,M2M,ehr,28,0.8367084969824695,0.0020479172345414694,,,,
composite_30d,M2M,ctpa,38,0.7016338304009536,0.006250471546244041,,,,
composite_30d,M2M,early,66,0.8283573352066501,0.011895070520999711,,,,
composite_30d,M2M,late_wsrc,1,0.8667975859756682,,,,,
composite_30d,M2M,pca10,10,0.8180764441038413,0.0019608694923943905,10.0,,,
composite_30d,M2M,pca20,20,0.8227969899202776,0.007730457591986539,20.0,,,
composite_30d,M2M,pca40,40,0.8213377185979924,0.012434101976961709,40.0,,,
composite_30d,M2M,cca_r0.01_k5,10,0.8342476397270918,0.005690223803961134,5.0,0.01,0.5635126146400635,0.4046183775578033
composite_30d,M2M,ccaaug_r0.01_k5,76,0.8287809602878097,0.004021123266070052,5.0,0.01,,
composite_30d,M2M,cca_r0.01_k10,20,0.8387595661568265,0.00475550601261006,10.0,0.01,0.5635126146400635,0.32054655413839445
composite_30d,M2M,ccaaug_r0.01_k10,86,0.8285255079775627,0.00405107962791025,10.0,0.01,,
composite_30d,M2M,cca_r0.01_k20,40,0.818177560643314,0.006756932666515658,20.0,0.01,0.5635126146400635,0.22735035760357242
composite_30d,M2M,ccaaug_r0.01_k20,106,0.8278868772019456,0.01186072081610027,20.0,0.01,,
composite_30d,M2M,cca_r0.10_k5,10,0.8372343029877275,0.006133683174205753,5.0,0.1,0.5287518323440535,0.3739534947727294
composite_30d,M2M,ccaaug_r0.10_k5,76,0.8287447712105247,0.003999827702405334,5.0,0.1,,
composite_30d,M2M,cca_r0.10_k10,20,0.8394727038562654,0.005426549018775615,10.0,0.1,0.5287518323440535,0.2903570439476661
composite_30d,M2M,ccaaug_r0.10_k10,86,0.8281476514353227,0.004276715573273979,10.0,0.1,,
composite_30d,M2M,cca_r0.10_k20,40,0.8176208874839012,0.006717902755272717,20.0,0.1,0.5287518323440535,0.20343640961554402
composite_30d,M2M,ccaaug_r0.10_k20,106,0.8277644729699524,0.012100910685792058,20.0,0.1,,
composite_30d,M2M,cca_r0.50_k5,10,0.8430777745846237,0.00592718718494514,5.0,0.5,0.4313581531786721,0.29248178795746094
composite_30d,M2M,ccaaug_r0.50_k5,76,0.8284158763610819,0.003963961984002978,5.0,0.5,,
composite_30d,M2M,cca_r0.50_k10,20,0.8350118678885802,0.012536248247200893,10.0,0.5,0.4313581531786721,0.21913704290231056
composite_30d,M2M,ccaaug_r0.50_k10,86,0.8277900182009771,0.0042602812051131455,10.0,0.5,,
composite_30d,M2M,cca_r0.50_k20,40,0.8128471224361635,0.0027668421929697416,20.0,0.5,0.4313581531786721,0.14908316739685107
composite_30d,M2M,ccaaug_r0.50_k20,106,0.8276420687379592,0.01170267604504802,20.0,0.5,,
composite_30d,M2M,kcca_r0.10,20,0.8346137880384455,0.007327844295332193,,0.1,,
composite_30d,M2M,kcca_r0.50,20,0.8377462719928473,0.00377127965646025,,0.5,,
composite_30d,M2M,pls5,5,0.8650935061893965,0.0072191442163409385,5.0,,,
composite_30d,M2M,pls10,10,0.8623356856233567,0.00399930806329591,10.0,,,
composite_30d,I2I,ehr,28,0.7538126191867844,0.001073809839830265,,,,
composite_30d,I2I,ctpa,38,0.635571417606877,0.0030220808218010173,,,,
composite_30d,I2I,early,66,0.7544089221086688,0.0031549651428817746,,,,
composite_30d,I2I,late_wsrc,1,0.7806128340919961,,,,,
composite_30d,I2I,pca10,10,0.7246502181524056,0.008108692839233827,10.0,,,
composite_30d,I2I,pca20,20,0.7291195380718752,0.008988876035878078,20.0,,,
composite_30d,I2I,pca40,40,0.7441451909054949,0.0013482359951792887,40.0,,,
composite_30d,I2I,cca_r0.01_k5,10,0.7519767146660997,0.004518518550289755,5.0,0.01,0.5181452066887559,0.3795553072577615
composite_30d,I2I,ccaaug_r0.01_k5,76,0.7552371337312621,0.0016720278391133946,5.0,0.01,,
composite_30d,I2I,cca_r0.01_k10,20,0.7535419803160995,0.0036920270806064326,10.0,0.01,0.5181452066887559,0.28166583170144366
composite_30d,I2I,ccaaug_r0.01_k10,86,0.754450958512667,0.001952084173984251,10.0,0.01,,
composite_30d,I2I,cca_r0.01_k20,40,0.7577687643540741,0.007106245133981558,20.0,0.01,0.5181452066887559,0.19022288926961864
composite_30d,I2I,ccaaug_r0.01_k20,106,0.7574704948133454,0.002879757479518101,20.0,0.01,,
composite_30d,I2I,cca_r0.10_k5,10,0.7531072105421632,0.0044772045689086505,5.0,0.1,0.48942433894790477,0.353592347245838
composite_30d,I2I,ccaaug_r0.10_k5,76,0.7554159065280409,0.0022188526857094804,5.0,0.1,,
composite_30d,I2I,cca_r0.10_k10,20,0.7555934985269547,0.0035760300582925505,10.0,0.1,0.48942433894790477,0.2580852291186346
composite_30d,I2I,ccaaug_r0.10_k10,86,0.754731279925846,0.002176298597405642,10.0,0.1,,
composite_30d,I2I,cca_r0.10_k20,40,0.7590333988676147,0.008104374012642482,20.0,0.1,0.48942433894790477,0.1721266035475209
composite_30d,I2I,ccaaug_r0.10_k20,106,0.7574952915685129,0.002829786427056802,20.0,0.1,,
composite_30d,I2I,cca_r0.50_k5,10,0.7584099375948329,0.004839045138562011,5.0,0.5,0.3989055411146753,0.2788426403423213
composite_30d,I2I,ccaaug_r0.50_k5,76,0.7553622983049646,0.002205573792732138,5.0,0.5,,
composite_30d,I2I,cca_r0.50_k10,20,0.7585164455622664,0.004562028155746196,10.0,0.5,0.3989055411146753,0.19742533822784986
composite_30d,I2I,ccaaug_r0.50_k10,86,0.7547879582233715,0.0021470727047445915,10.0,0.5,,
composite_30d,I2I,cca_r0.50_k20,40,0.758945311346877,0.008293347069548406,20.0,0.5,0.3989055411146753,0.12820219629559435
composite_30d,I2I,ccaaug_r0.50_k20,106,0.7570066774119274,0.0026245853048852434,20.0,0.5,,
composite_30d,I2I,kcca_r0.10,20,0.758189600713202,0.002204570434571871,,0.1,,
composite_30d,I2I,kcca_r0.50,20,0.7578936927682034,0.0019368943940454794,,0.5,,
composite_30d,I2I,pls5,5,0.7805560377146837,0.012241352432027819,5.0,,,
composite_30d,I2I,pls10,10,0.7775731061478242,0.010799507484931015,10.0,,,
cv_first,I2M,ehr,28,0.8003496503496503,0.0,,,,
cv_first,I2M,ctpa,38,0.6248711814501289,0.0,,,,
cv_first,I2M,early,66,0.8107655502392342,1.3597399555105182e-16,,,,
cv_first,I2M,late_wsrc,1,0.8025211630474788,,,,,
cv_first,I2M,pca10,10,0.735471107839529,0.0,10.0,,,
cv_first,I2M,pca20,20,0.7866580787633418,0.0,20.0,,,
cv_first,I2M,pca40,40,0.8052079499447921,0.0,40.0,,,
cv_first,I2M,cca_r0.01_k5,10,0.756845785793154,1.3597399555105182e-16,5.0,0.01,0.5075424602742838,0.37846951787771466
cv_first,I2M,ccaaug_r0.01_k5,76,0.810103054839897,0.0,5.0,0.01,,
cv_first,I2M,cca_r0.01_k10,20,0.7677677585572322,0.0,10.0,0.01,0.5075424602742838,0.2836047902235781
cv_first,I2M,ccaaug_r0.01_k10,86,0.8067997791682003,1.3597399555105182e-16,10.0,0.01,,
cv_first,I2M,cca_r0.01_k20,40,0.7972948104527052,0.0,20.0,0.01,0.5075424602742838,0.19260063041773096
cv_first,I2M,ccaaug_r0.01_k20,106,0.8072322414427676,1.3597399555105182e-16,20.0,0.01,,
cv_first,I2M,cca_r0.10_k5,10,0.7640044166359955,0.0,5.0,0.1,0.4786490908632486,0.3528620153002867
cv_first,I2M,ccaaug_r0.10_k5,76,0.8104527051895473,0.0,5.0,0.1,,
cv_first,I2M,cca_r0.10_k10,20,0.7724788369525212,0.0,10.0,0.1,0.4786490908632486,0.2600960112845343
cv_first,I2M,ccaaug_r0.10_k10,86,0.8074438719175562,0.0,10.0,0.1,,
cv_first,I2M,cca_r0.10_k20,40,0.8033492822966507,0.0,20.0,0.1,0.4786490908632486,0.174358005732422
cv_first,I2M,ccaaug_r0.10_k20,106,0.8077751196172249,0.0,20.0,0.1,,
cv_first,I2M,cca_r0.50_k5,10,0.7765734265734267,1.3597399555105182e-16,5.0,0.5,0.38811853704022387,0.2782536919594989
cv_first,I2M,ccaaug_r0.50_k5,76,0.8108759661391239,1.3597399555105182e-16,5.0,0.5,,
cv_first,I2M,cca_r0.50_k10,20,0.7784965034965036,0.0,10.0,0.5,0.38811853704022387,0.1988695125659477
cv_first,I2M,ccaaug_r0.50_k10,86,0.8086492454913509,0.0,10.0,0.5,,
cv_first,I2M,cca_r0.50_k20,40,0.805668016194332,0.0,20.0,0.5,0.38811853704022387,0.12974248111443573
cv_first,I2M,ccaaug_r0.50_k20,106,0.8088608759661392,0.0,20.0,0.5,,
cv_first,I2M,kcca_r0.10,20,0.7785057048214942,1.3597399555105182e-16,,0.1,,
cv_first,I2M,kcca_r0.50,20,0.7806036069193963,1.3597399555105182e-16,,0.5,,
cv_first,I2M,pls5,5,0.8086124401913876,0.0,5.0,,,
cv_first,I2M,pls10,10,0.8023647405226354,1.3597399555105182e-16,10.0,,,
cv_first,M2I,ehr,28,0.7713445388590735,1.3597399555105182e-16,,,,
cv_first,M2I,ctpa,38,0.5462588203140529,0.0,,,,
cv_first,M2I,early,66,0.7475203736831645,1.3597399555105182e-16,,,,
cv_first,M2I,late_wsrc,1,0.7714029268535082,,,,,
cv_first,M2I,pca10,10,0.7028461041542436,0.0,10.0,,,
cv_first,M2I,pca20,20,0.7050337904989069,1.3597399555105182e-16,20.0,,,
cv_first,M2I,pca40,40,0.7025081991651758,0.0,40.0,,,
cv_first,M2I,cca_r0.01_k5,10,0.72593669250646,0.0,5.0,0.01,0.5262428038886696,0.4003020304129138
cv_first,M2I,ccaaug_r0.01_k5,76,0.7459302325581395,0.0,5.0,0.01,,
cv_first,M2I,cca_r0.01_k10,20,0.7361881335718546,1.3597399555105182e-16,10.0,0.01,0.5262428038886696,0.317353214312347
cv_first,M2I,ccaaug_r0.01_k10,86,0.7485452693301532,1.3597399555105182e-16,10.0,0.01,,
cv_first,M2I,cca_r0.01_k20,40,0.7385012919896642,1.3597399555105182e-16,20.0,0.01,0.5262428038886696,0.22768058733598112
cv_first,M2I,ccaaug_r0.01_k20,106,0.7384404193997217,0.0,20.0,0.01,,
cv_first,M2I,cca_r0.10_k5,10,0.7280722023454581,0.0,5.0,0.1,0.49283708098649287,0.3675768472930632
cv_first,M2I,ccaaug_r0.10_k5,76,0.7469091631882329,1.3597399555105182e-16,5.0,0.1,,
cv_first,M2I,cca_r0.10_k10,20,0.7390665374677003,0.0,10.0,0.1,0.49283708098649287,0.2875595393714972
cv_first,M2I,ccaaug_r0.10_k10,86,0.748945289206917,0.0,10.0,0.1,,
cv_first,M2I,cca_r0.10_k20,40,0.7379124428543035,1.3597399555105182e-16,20.0,0.1,0.49283708098649287,0.20428793587630065
cv_first,M2I,ccaaug_r0.10_k20,106,0.7383447624726692,1.3597399555105182e-16,20.0,0.1,,
cv_first,M2I,cca_r0.50_k5,10,0.7305269827072151,1.3597399555105182e-16,5.0,0.5,0.4031814498533849,0.2853479958810773
cv_first,M2I,ccaaug_r0.50_k5,76,0.7473303021268137,0.0,5.0,0.5,,
cv_first,M2I,cca_r0.50_k10,20,0.7437288809381832,0.0,10.0,0.5,0.4031814498533849,0.21628292819414635
cv_first,M2I,ccaaug_r0.50_k10,86,0.7495701649771417,0.0,10.0,0.5,,
cv_first,M2I,cca_r0.50_k20,40,0.7411473862055257,1.3597399555105182e-16,20.0,0.5,0.4031814498533849,0.14957990146919842
cv_first,M2I,ccaaug_r0.50_k20,106,0.738770870602266,0.0,20.0,0.5,,
cv_first,M2I,kcca_r0.10,20,0.7047679387795668,0.0,,0.1,,
cv_first,M2I,kcca_r0.50,20,0.6985775690717552,0.0,,0.5,,
cv_first,M2I,pls5,5,0.7366589644205922,1.3597399555105182e-16,5.0,,,
cv_first,M2I,pls10,10,0.7330724508050088,0.0,10.0,,,
cv_first,M2M,ehr,28,0.7998374432584959,0.016533552924771034,,,,
cv_first,M2M,ctpa,38,0.6445880873512452,0.014892299964302988,,,,
cv_first,M2M,early,66,0.7834314807999019,0.020690488876760685,,,,
cv_first,M2M,late_wsrc,1,0.8750184026499817,,,,,
cv_first,M2M,pca10,10,0.7486259354680408,0.009609656662066134,10.0,,,
cv_first,M2M,pca20,20,0.764826401668507,0.020538561788793243,20.0,,,
cv_first,M2M,pca40,40,0.7799840510366827,0.005336501438031891,40.0,,,
cv_first,M2M,cca_r0.01_k5,10,0.7825236167341432,0.027437361134290156,5.0,0.01,0.5262428038886696,0.4003020304129138
cv_first,M2M,ccaaug_r0.01_k5,76,0.7830020856336647,0.014478086294182253,5.0,0.01,,
cv_first,M2M,cca_r0.01_k10,20,0.7873451110293216,0.02317564511178488,10.0,0.01,0.5262428038886696,0.317353214312347
cv_first,M2M,ccaaug_r0.01_k10,86,0.77442338363391,0.011846741956676884,10.0,0.01,,
cv_first,M2M,cca_r0.01_k20,40,0.7835695006747638,0.024855131539009815,20.0,0.01,0.5262428038886696,0.22768058733598112
cv_first,M2M,ccaaug_r0.01_k20,106,0.7716323150533677,0.017387531804557342,20.0,0.01,,
cv_first,M2M,cca_r0.10_k5,10,0.7862562875720771,0.025295271364473744,5.0,0.1,0.49283708098649287,0.3675768472930632
cv_first,M2M,ccaaug_r0.10_k5,76,0.7834253465832414,0.013912106206081331,5.0,0.1,,
cv_first,M2M,cca_r0.10_k10,20,0.79228008833272,0.023237521352625443,10.0,0.1,0.49283708098649287,0.2875595393714972
cv_first,M2M,ccaaug_r0.10_k10,86,0.7746963562753035,0.010931185706897207,10.0,0.1,,
cv_first,M2M,cca_r0.10_k20,40,0.7857134093976198,0.023339293396147247,20.0,0.1,0.49283708098649287,0.20428793587630065
cv_first,M2M,ccaaug_r0.10_k20,106,0.7724665685192001,0.0169282933717674,20.0,0.1,,
cv_first,M2M,cca_r0.50_k5,10,0.7923168936326831,0.02610694487003793,5.0,0.5,0.4031814498533849,0.2853479958810773
cv_first,M2M,ccaaug_r0.50_k5,76,0.7839712918660288,0.013503078446038362,5.0,0.5,,
cv_first,M2M,cca_r0.50_k10,20,0.7939117899644215,0.022851464834128015,10.0,0.5,0.4031814498533849,0.21628292819414635
cv_first,M2M,ccaaug_r0.50_k10,86,0.781014599435652,0.014702442837049605,10.0,0.5,,
cv_first,M2M,cca_r0.50_k20,40,0.7879677340203656,0.021219024187021304,20.0,0.5,0.4031814498533849,0.14957990146919842
cv_first,M2M,ccaaug_r0.50_k20,106,0.7731382652435284,0.015799769091208553,20.0,0.5,,
cv_first,M2M,kcca_r0.10,20,0.804183535762483,0.009790358244045737,,0.1,,
cv_first,M2M,kcca_r0.50,20,0.8058336400441664,0.011773098022480652,,0.5,,
cv_first,M2M,pls5,5,0.8528493436388173,0.0043959356224386546,5.0,,,
cv_first,M2M,pls10,10,0.8491320083425347,0.014421075337023824,10.0,,,
cv_first,I2I,ehr,28,0.7845232475319683,0.002403525794092432,,,,
cv_first,I2I,ctpa,38,0.596713294242364,0.0071715700978276144,,,,
cv_first,I2I,early,66,0.7719733485721857,0.0019308877505845924,,,,
cv_first,I2I,late_wsrc,1,0.807621496720334,,,,,
cv_first,I2I,pca10,10,0.7241117571059433,0.0037902999189388087,10.0,,,
cv_first,I2I,pca20,20,0.7292378917378918,0.0018430676612244165,20.0,,,
cv_first,I2I,pca40,40,0.7583884085337574,0.0021584394672173367,40.0,,,
cv_first,I2I,cca_r0.01_k5,10,0.7480251606705096,0.002025255635514171,5.0,0.01,0.5075424602742838,0.37846951787771466
cv_first,I2I,ccaaug_r0.01_k5,76,0.7750679122772146,0.002198674120601088,5.0,0.01,,
cv_first,I2I,cca_r0.01_k10,20,0.760994335122242,0.0026541536697390045,10.0,0.01,0.5075424602742838,0.2836047902235781
cv_first,I2I,ccaaug_r0.01_k10,86,0.7693686642814549,0.003631529578255413,10.0,0.01,,
cv_first,I2I,cca_r0.01_k20,40,0.7744467634002516,0.0068264705066145405,20.0,0.01,0.5075424602742838,0.19260063041773096
cv_first,I2I,ccaaug_r0.01_k20,106,0.7691868747101305,0.002919633458179832,20.0,0.01,,
cv_first,I2I,cca_r0.10_k5,10,0.7508849301000463,0.0014760694876747456,5.0,0.1,0.4786490908632486,0.3528620153002867
cv_first,I2I,ccaaug_r0.10_k5,76,0.7752542569403035,0.002280298468254297,5.0,0.1,,
cv_first,I2I,cca_r0.10_k10,20,0.7647907970582389,0.0033462979756388412,10.0,0.1,0.4786490908632486,0.2600960112845343
cv_first,I2I,ccaaug_r0.10_k10,86,0.7704780361757106,0.0035206347934423543,10.0,0.1,,
cv_first,I2I,cca_r0.10_k20,40,0.7742811236997283,0.007230242548838161,20.0,0.1,0.4786490908632486,0.174358005732422
cv_first,I2I,ccaaug_r0.10_k20,106,0.7688054892996754,0.0013114654042710593,20.0,0.1,,
cv_first,I2I,cca_r0.50_k5,10,0.7604059000861326,0.0011254506894862182,5.0,0.5,0.38811853704022387,0.2782536919594989
cv_first,I2I,ccaaug_r0.50_k5,76,0.7754161697475652,0.002202308023530561,5.0,0.5,,
cv_first,I2I,cca_r0.50_k10,20,0.769462664811502,0.002409197592851459,10.0,0.5,0.38811853704022387,0.1988695125659477
cv_first,I2I,ccaaug_r0.50_k10,86,0.773896839594514,0.0035381065324299452,10.0,0.5,,
cv_first,I2I,cca_r0.50_k20,40,0.7759946664016432,0.006326856631862358,20.0,0.5,0.38811853704022387,0.12974248111443573
cv_first,I2I,ccaaug_r0.50_k20,106,0.7692154475584708,0.0009179641765914011,20.0,0.5,,
cv_first,I2I,kcca_r0.10,20,0.7516998774266215,0.0031330824062543823,,0.1,,
cv_first,I2I,kcca_r0.50,20,0.7548520009275824,0.004148735948162095,,0.5,,
cv_first,I2I,pls5,5,0.8035504869807196,0.00846299267780602,5.0,,,
cv_first,I2I,pls10,10,0.8026684555754322,0.004648433679861401,10.0,,,
