direction,outcome,config,drop,wd,mode,params,auc,src_auc,overfit,ehr_ref,late_ref,early_ref,gain,lo,hi,vs_late,vs_early,sig
I2M,death_30d,drop80,0.8,0.0001,mlp,3905,0.8739760222198784,0.8619337028340814,-0.012042319385796918,0.8571045599971874,0.8627364377878565,0.8556850543191648,0.017028059558906187,0.0043217620549702825,0.030409345963241873,0.011239584432021887,0.018290967900713606,1
I2M,death_30d,drop90,0.9,0.0001,mlp,3905,0.6167246774250255,0.6144806757497829,-0.002244001675242524,0.8571045599971874,0.8627364377878565,0.8556850543191648,-0.24066524676436796,-0.29026998198029763,-0.19322865538805498,-0.246011760362831,-0.2389603768941393,1
I2M,death_30d,drop93,0.93,0.0001,mlp,3905,0.6721337411665436,0.6092536244615884,-0.06288011670495519,0.8571045599971874,0.8627364377878565,0.8556850543191648,-0.18539772497179882,-0.23005703981449907,-0.14411407944099658,-0.1906026966213129,-0.1835513131526212,1
I2M,death_30d,drop95,0.95,0.0001,mlp,3905,0.4729458917835671,0.45211797402846327,-0.020827917755103842,0.8571045599971874,0.8627364377878565,0.8556850543191648,-0.38418338155014875,-0.43990905259647195,-0.33077986938342874,-0.38979054600428936,-0.38273916253559764,1
I2M,death_30d,drop97,0.97,0.0001,mlp,3905,0.5525063284463665,0.5559102815979045,0.003403953151537964,0.8571045599971874,0.8627364377878565,0.8556850543191648,-0.30392925825325234,-0.3597806277444502,-0.25117604605490773,-0.31023010934149,-0.30317872587279826,1
I2M,death_30d,wd1e0,0.5,1.0,mlp,3905,0.5,0.5,0.0,0.8571045599971874,0.8627364377878565,0.8556850543191648,-0.35731347991850326,-0.38594255237471264,-0.32896173435374954,-0.36273643778785647,-0.35568505431916475,1
I2M,death_30d,wd3e1,0.5,0.3,mlp,3905,0.5,0.5,0.0,0.8571045599971874,0.8627364377878565,0.8556850543191648,-0.35731347991850326,-0.38594255237471264,-0.32896173435374954,-0.36273643778785647,-0.35568505431916475,1
I2M,death_30d,identity,0.0,0.0001,identity,1089,0.8013087578666105,0.9883479483124891,0.18703919044587858,0.8571045599971874,0.8627364377878565,0.8556850543191648,-0.055422025183508465,-0.08693130002430223,-0.023353342872290375,-0.06142767992124598,-0.05437629645255426,1
I2M,death_30d,id_drop50,0.5,0.0001,identity,1089,0.8681881306472594,0.8847839166014451,0.01659578595418565,0.8571045599971874,0.8627364377878565,0.8556850543191648,0.011253342751525165,-0.010513101877667871,0.03308348759506195,0.005451692859402946,0.012503076328094664,0
I2M,death_30d,linear,0.0,0.0001,linear,67,0.8433094258692824,0.8513092252729993,0.007999799403716978,0.8571045599971874,0.8627364377878565,0.8556850543191648,-0.013656521350066864,-0.03824101828094438,0.0090540046955433,-0.0194270119185741,-0.012375628449882381,0
I2M,death_30d,linear_wd,0.0,0.1,linear,67,0.8568496642407623,0.8483662636233436,-0.008483400617418702,0.8571045599971874,0.8627364377878565,0.8556850543191648,-0.0001298466754875407,-0.02161442404078904,0.021055910676317863,-0.005886773547094215,0.0011646099215975037,0
I2M,composite_30d,drop80,0.8,0.0001,mlp,3905,0.8347574799629592,0.8017563187445756,-0.03300116121838359,0.8215154708305392,0.8316233994316184,0.8337803748762653,0.01317906889453429,0.006575005505845374,0.02020062344385803,0.0031340805313407882,0.000977105086693908,1
I2M,composite_30d,drop90,0.9,0.0001,mlp,3905,0.7399671105150556,0.6652055473883703,-0.07476156312668525,0.8215154708305392,0.8316233994316184,0.8337803748762653,-0.08186845232075286,-0.1107077798223062,-0.053824665960451094,-0.09165628891656286,-0.09381326436120974,1
I2M,composite_30d,drop93,0.93,0.0001,mlp,3905,0.5643835616438355,0.5663515117164668,0.001967950072631286,0.8215154708305392,0.8316233994316184,0.8337803748762653,-0.2574556534315439,-0.302279925608518,-0.21219496110682803,-0.26723983778778293,-0.2693968132324298,1
I2M,composite_30d,drop95,0.95,0.0001,mlp,3905,0.4879841619567647,0.49314865654722895,0.0051644945904642525,0.8215154708305392,0.8316233994316184,0.8337803748762653,-0.3335346867889446,-0.38496116274015446,-0.2839404837155576,-0.34363923747485375,-0.34579621291950063,1
I2M,composite_30d,drop97,0.97,0.0001,mlp,3905,0.634891592425839,0.5758267061053154,-0.059064886320523646,0.8215154708305392,0.8316233994316184,0.8337803748762653,-0.18702386829650422,-0.2305262672951016,-0.14530098928909202,-0.1967318070057794,-0.1988887824504263,1
I2M,composite_30d,wd1e0,0.5,1.0,mlp,3905,0.5,0.5,0.0,0.8215154708305392,0.8316233994316184,0.8337803748762653,-0.3213014783437114,-0.3468647618835187,-0.29443169819205944,-0.33162339943161845,-0.33378037487626533,1
I2M,composite_30d,wd3e1,0.5,0.3,mlp,3905,0.5,0.5,0.0,0.8215154708305392,0.8316233994316184,0.8337803748762653,-0.3213014783437114,-0.3468647618835187,-0.29443169819205944,-0.33162339943161845,-0.33378037487626533,1
I2M,composite_30d,identity,0.0,0.0001,identity,1089,0.8084810167001949,0.9594020439611045,0.1509210272609096,0.8215154708305392,0.8316233994316184,0.8337803748762653,-0.012815071306757733,-0.03517581336986488,0.009367080052214,-0.02314238273142355,-0.02529935817607043,0
I2M,composite_30d,id_drop50,0.5,0.0001,identity,1089,0.8462368681546764,0.8197336120016294,-0.02650325615304694,0.8215154708305392,0.8316233994316184,0.8337803748762653,0.02468113992888437,0.012199917901659316,0.037424313107080484,0.01461346872305791,0.01245649327841103,1
I2M,composite_30d,linear,0.0,0.0001,linear,67,0.8238624389309321,0.7946793248197808,-0.029183114111151376,0.8215154708305392,0.8316233994316184,0.8337803748762653,0.0022823086610198376,-0.01094349546546931,0.015276433329112448,-0.007760960500686309,-0.00991793594533319,0
I2M,composite_30d,linear_wd,0.0,0.1,linear,67,0.8330459494843057,0.7926155263111283,-0.040430423173177354,0.8215154708305392,0.8316233994316184,0.8337803748762653,0.011461926378448164,0.0003325205343975873,0.02268982394876205,0.0014225500526872104,-0.0007344253919596699,1
M2I,death_30d,drop80,0.8,0.0001,mlp,3905,0.7804172589859493,0.9233554828956158,0.14293822390966648,0.7719883559346399,0.7955526804776889,0.7832257841242459,0.008492999381767986,-0.0014504223610914857,0.018915500394695296,-0.015135421491739631,-0.002808525138296658,0
M2I,death_30d,drop90,0.9,0.0001,mlp,3905,0.5756731142949936,0.6543745385507858,0.07870142425579219,0.7719883559346399,0.7955526804776889,0.7832257841242459,-0.19591502936491276,-0.24090579324320904,-0.15128626276828488,-0.21987956618269533,-0.20755266982925236,1
M2I,death_30d,drop93,0.93,0.0001,mlp,3905,0.4687594837637964,0.4329294554020321,-0.0358300283617643,0.7719883559346399,0.7955526804776889,0.7832257841242459,-0.30342384545716083,-0.34996685719630977,-0.258935183851759,-0.3267931967138925,-0.31446630036044954,1
M2I,death_30d,drop95,0.95,0.0001,mlp,3905,0.6183008023596935,0.6329896635376016,0.01468886117790802,0.7719883559346399,0.7955526804776889,0.7832257841242459,-0.1536703271832602,-0.1925823720661552,-0.11326341722135741,-0.17725187811799537,-0.1649249817645524,1
M2I,death_30d,drop97,0.97,0.0001,mlp,3905,0.5075058167084618,0.5391616566466266,0.03165583993816479,0.7719883559346399,0.7955526804776889,0.7832257841242459,-0.26398354750332725,-0.31093542146233105,-0.21778044526488016,-0.28804686376922706,-0.2757199674157841,1
M2I,death_30d,wd1e0,0.5,1.0,mlp,3905,0.5,0.5,0.0,0.7719883559346399,0.7955526804776889,0.7832257841242459,-0.27157894486325096,-0.30000692053972794,-0.24153060548836083,-0.2955526804776889,-0.2832257841242459,1
M2I,death_30d,wd3e1,0.5,0.3,mlp,3905,0.7696823038957306,0.890739812959252,0.12105750906352142,0.7719883559346399,0.7955526804776889,0.7832257841242459,-0.002391500640910887,-0.011240380953419846,0.00618018239831734,-0.025870376581958343,-0.01354348022851537,0
M2I,death_30d,identity,0.0,0.0001,identity,1089,0.7572655613589535,0.9931749463839961,0.23590938502504255,0.7719883559346399,0.7955526804776889,0.7832257841242459,-0.01469636992050954,-0.03523372789221596,0.006334888944299697,-0.03828711911873539,-0.025960222765292418,0
M2I,death_30d,id_drop50,0.5,0.0001,identity,1089,0.7844629993451212,0.9342193158246317,0.1497563164795105,0.7719883559346399,0.7955526804776889,0.7832257841242459,0.012640653906081399,-0.003956994639230252,0.029827151345801207,-0.011089681132567697,0.0012372152208752762,0
M2I,death_30d,linear,0.0,0.0001,linear,67,0.7840097752647467,0.9229775340153992,0.13896775875065248,0.7719883559346399,0.7955526804776889,0.7832257841242459,0.012186944046140166,-0.004494798813306733,0.02960259715912176,-0.011542905212942212,0.0007839911405007616,0
M2I,death_30d,linear_wd,0.0,0.1,linear,67,0.786135469409704,0.9203802341525157,0.13424476474281166,0.7719883559346399,0.7955526804776889,0.7832257841242459,0.014301183829188725,-0.0008595538121710544,0.03012193361650567,-0.009417211067984876,0.002909685285458097,0
M2I,composite_30d,drop80,0.8,0.0001,mlp,3905,0.7521741440691475,0.8883002841906951,0.13612614012154756,0.7408009351919091,0.751952744469438,0.7488230397279442,0.01136844455106289,0.0047834882211934635,0.018495063482537776,0.00022139959970945977,0.003351104341203337,1
M2I,composite_30d,drop90,0.9,0.0001,mlp,3905,0.5937207531128783,0.6595171951336335,0.06579644202075519,0.7408009351919091,0.751952744469438,0.7488230397279442,-0.1470584444429304,-0.1789782235559359,-0.11430061662759419,-0.15823199135655974,-0.15510228661506587,1
M2I,composite_30d,drop93,0.93,0.0001,mlp,3905,0.5695301014895765,0.5572021585720216,-0.012327942917554902,0.7408009351919091,0.751952744469438,0.7488230397279442,-0.17179478386860145,-0.20332166365116985,-0.13863433138573217,-0.18242264297986155,-0.17929293823836767,1
M2I,composite_30d,drop95,0.95,0.0001,mlp,3905,0.5855930852477018,0.5557764153654565,-0.029816669882245295,0.7408009351919091,0.751952744469438,0.7488230397279442,-0.1554157340656183,-0.18571732549254588,-0.12420389292461549,-0.16635965922173623,-0.16322995448024236,1
M2I,composite_30d,drop97,0.97,0.0001,mlp,3905,0.5483352521298641,0.5350480569658651,-0.01328719516399901,0.7408009351919091,0.751952744469438,0.7488230397279442,-0.19258086048398332,-0.22675803679997422,-0.15862220809931427,-0.20361749233957394,-0.20048778759808006,1
M2I,composite_30d,wd1e0,0.5,1.0,mlp,3905,0.5,0.5,0.0,0.7408009351919091,0.751952744469438,0.7488230397279442,-0.24068404055233106,-0.26300426715716974,-0.2181498689864051,-0.25195274446943805,-0.24882303972794417,1
M2I,composite_30d,wd3e1,0.5,0.3,mlp,3905,0.5,0.5,0.0,0.7408009351919091,0.751952744469438,0.7488230397279442,-0.24068404055233106,-0.26300426715716974,-0.2181498689864051,-0.25195274446943805,-0.24882303972794417,1
M2I,composite_30d,identity,0.0,0.0001,identity,1089,0.717044226784038,0.9855126608551267,0.26846843407108867,0.7408009351919091,0.751952744469438,0.7488230397279442,-0.023777500837762,-0.04209287438844202,-0.005864012256787875,-0.03490851768540004,-0.031778812943906165,1
M2I,composite_30d,id_drop50,0.5,0.0001,identity,1089,0.7528397598257143,0.9020947089440241,0.14925494911830983,0.7408009351919091,0.751952744469438,0.7488230397279442,0.012229975845538737,-0.0011770743451753884,0.02564044603698896,0.0008870153562762217,0.004016720097770099,0
M2I,composite_30d,linear,0.0,0.0001,linear,67,0.7421279158327282,0.8844174090749433,0.14228949324221507,0.7408009351919091,0.751952744469438,0.7488230397279442,0.0015047750081201914,-0.012139849976781436,0.014807735497892435,-0.00982482863670986,-0.006695123895215982,0
M2I,composite_30d,linear_wd,0.0,0.1,linear,67,0.7465782249065694,0.8815276048152761,0.1349493799087067,0.7408009351919091,0.751952744469438,0.7488230397279442,0.005973768679196232,-0.006201883306827893,0.018311317524518228,-0.005374519562868607,-0.00224481482137473,0
