outcome,stage,k,reg,mean,sd,baseset,modality,rule,combo,variant,name,slope,slope_platt,brier,brier_platt,vs_126
death_30d_inhosp,A,5.0,0.1,0.9014530756638919,0.0038918034964545026,,,,,,,,,,,
death_30d_inhosp,A,5.0,0.5,0.9055074127805491,0.006147760793841786,,,,,,,,,,,
death_30d_inhosp,A,8.0,0.1,0.901609787508049,0.004544435950979356,,,,,,,,,,,
death_30d_inhosp,A,8.0,0.5,0.9062785591819951,0.005254278279766896,,,,,,,,,,,
death_30d_inhosp,A,10.0,0.1,0.900964320902412,0.004597401497444734,,,,,,,,,,,
death_30d_inhosp,A,10.0,0.5,0.906716111063701,0.006553673179177377,,,,,,,,,,,
death_30d_inhosp,A,13.0,0.1,0.8989394797477095,0.006511612935609048,,,,,,,,,,,
death_30d_inhosp,A,13.0,0.5,0.9056858470585498,0.004965082278358883,,,,,,,,,,,
death_30d_inhosp,A,16.0,0.1,0.8999790533673652,0.006626424631000591,,,,,,,,,,,
death_30d_inhosp,A,16.0,0.5,0.9037913405069086,0.003731173953275135,,,,,,,,,,,
death_30d_inhosp,mod,,,0.8523339979363688,,l2,ehr,,,,,,,,,
death_30d_inhosp,mod,,,0.6800207914723932,,l2,ecg,,,,,,,,,
death_30d_inhosp,mod,,,0.7178411003964343,,l2,ctpa,,,,,,,,,
death_30d_inhosp,corr,,,0.2512887765645959,,l2,,,,,,,,,,
death_30d_inhosp,mod,,,0.8922761231661999,,ens_all,ehr,,,,,,,,,
death_30d_inhosp,mod,,,0.7296914638593006,,ens_all,ecg,,,,,,,,,
death_30d_inhosp,mod,,,0.769524976919914,,ens_all,ctpa,,,,,,,,,
death_30d_inhosp,corr,,,0.3541782267338984,,ens_all,,,,,,,,,,
death_30d_inhosp,mod,,,0.9015042785436659,,per_out,ehr,,,,,,,,,
death_30d_inhosp,mod,,,0.7296914638593006,,per_out,ecg,,,,,,,,,
death_30d_inhosp,mod,,,0.769524976919914,,per_out,ctpa,,,,,,,,,
death_30d_inhosp,corr,,,0.33706567298751827,,per_out,,,,,,,,,,
death_30d_inhosp,B,,,0.8620920255393758,0.0027899474231649546,l2,,rank,,,,,,,,
death_30d_inhosp,B,,,0.8993289319544759,0.0017610161969541284,ens_all,,rank,,,,,,,,
death_30d_inhosp,B,,,0.9106424409809231,0.0030002267469333233,per_out,,rank,,,,,,,,
death_30d_inhosp,B,,,0.8765343408405031,0.008098633742453386,l2,,prob,,,,,,,,
death_30d_inhosp,B,,,0.8994515085454502,0.00289593768277979,ens_all,,prob,,,,,,,,
death_30d_inhosp,B,,,0.9050046935973126,0.008733343100713237,per_out,,prob,,,,,,,,
death_30d_inhosp,B,,,0.8649888672526552,0.011869628431580301,l2,,prob_cal,,,,,,,,
death_30d_inhosp,B,,,0.8995228822566504,0.005491753682258587,ens_all,,prob_cal,,,,,,,,
death_30d_inhosp,B,,,0.9073584744645032,0.006335210435919965,per_out,,prob_cal,,,,,,,,
death_30d_inhosp,B,,,0.8669594023227487,0.006758244742024577,l2,,logit,,,,,,,,
death_30d_inhosp,B,,,0.9068107588111622,0.004453517904934524,ens_all,,logit,,,,,,,,
death_30d_inhosp,B,,,0.9125408265386078,0.004600624142857304,per_out,,logit,,,,,,,,
death_30d_inhosp,B,,,0.8622813210342981,0.011461731534250967,l2,,logit_cal,,,,,,,,
death_30d_inhosp,B,,,0.9018735599190064,0.0051673969027969426,ens_all,,logit_cal,,,,,,,,
death_30d_inhosp,B,,,0.9138038309063685,0.004533101461559474,per_out,,logit_cal,,,,,,,,
death_30d_inhosp,C,,,0.8983809028774467,,,,,ehr+ecg,plain,,,,,,
death_30d_inhosp,C,,,0.8989705117960574,,,,,ehr+ecg,stack,,,,,,
death_30d_inhosp,C,,,0.9035136036741946,,,,,ehr+ctpa,plain,,,,,,
death_30d_inhosp,C,,,0.9002009325130528,,,,,ehr+ctpa,stack,,,,,,
death_30d_inhosp,C,,,0.788763295293214,,,,,ecg+ctpa,plain,,,,,,
death_30d_inhosp,C,,,0.7909293322678996,,,,,ecg+ctpa,stack,,,,,,
death_30d_inhosp,C,,,0.906716111063701,,,,,ehr+ecg+ctpa,plain,,,,,,
death_30d_inhosp,C,,,0.9034701588065074,,,,,ehr+ecg+ctpa,stack,,,,,,
death_30d_inhosp,D,,,0.9060970216991598,,,,,,,late_best,0.2828355650272862,0.908067703902032,0.048953958392927106,0.046718191928716464,-0.0038029783008401985
death_30d_inhosp,D,,,0.896919293400259,,,,,,,block,1.438744845944487,0.9734367108261213,0.04022587314329978,0.03988463398531408,-0.012980706599741043
death_30d_inhosp,D,,,0.9067254206782054,,,,,,,nnls,1.090261229767039,0.9808170534210933,0.292608710054116,0.03770949075174715,-0.003174579321794657
death_30d,A,5.0,0.1,0.8939557029365867,0.004440084199859413,,,,,,,,,,,
death_30d,A,5.0,0.5,0.8899285359625478,0.005625361805003813,,,,,,,,,,,
death_30d,A,8.0,0.1,0.8958079160164563,0.00346899507522901,,,,,,,,,,,
death_30d,A,8.0,0.5,0.89327298198326,0.0048360139278929,,,,,,,,,,,
death_30d,A,10.0,0.1,0.8952732657114485,0.005151243434428039,,,,,,,,,,,
death_30d,A,10.0,0.5,0.8932366293091221,0.007298033599218314,,,,,,,,,,,
death_30d,A,13.0,0.1,0.8963922187544332,0.004237640954888515,,,,,,,,,,,
death_30d,A,13.0,0.5,0.8937309370123423,0.005044845212998092,,,,,,,,,,,
death_30d,A,16.0,0.1,0.8945577386863384,0.003593613813875921,,,,,,,,,,,
death_30d,A,16.0,0.5,0.8922834799262306,0.004918519424989673,,,,,,,,,,,
death_30d,mod,,,0.8632518796992481,,l2,ehr,,,,,,,,,
death_30d,mod,,,0.6868749113349409,,l2,ecg,,,,,,,,,
death_30d,mod,,,0.7683846999574407,,l2,ctpa,,,,,,,,,
death_30d,corr,,,0.27225414401525067,,l2,,,,,,,,,,
death_30d,mod,,,0.881621063271386,,ens_all,ehr,,,,,,,,,
death_30d,mod,,,0.7298131827209533,,ens_all,ecg,,,,,,,,,
death_30d,mod,,,0.7952812455667471,,ens_all,ctpa,,,,,,,,,
death_30d,corr,,,0.3691675070981977,,ens_all,,,,,,,,,,
death_30d,mod,,,0.8878165342601787,,per_out,ehr,,,,,,,,,
death_30d,mod,,,0.7298131827209533,,per_out,ecg,,,,,,,,,
death_30d,mod,,,0.7952812455667471,,per_out,ctpa,,,,,,,,,
death_30d,corr,,,0.35556208816315155,,per_out,,,,,,,,,,
death_30d,B,,,0.8849171868350121,0.003509543819506853,l2,,rank,,,,,,,,
death_30d,B,,,0.9007509930486594,0.0018337352471744083,ens_all,,rank,,,,,,,,
death_30d,B,,,0.9038055043268549,0.0010820559239742705,per_out,,rank,,,,,,,,
death_30d,B,,,0.8854873031635693,0.0028774724835086904,l2,,prob,,,,,,,,
death_30d,B,,,0.9011384593559371,0.0018960806980829988,ens_all,,prob,,,,,,,,
death_30d,B,,,0.8824141722230102,0.014002098556411808,per_out,,prob,,,,,,,,
death_30d,B,,,0.8841307277628033,0.0037132649841562786,l2,,prob_cal,,,,,,,,
death_30d,B,,,0.8999964533976451,0.0038569027989473815,ens_all,,prob_cal,,,,,,,,
death_30d,B,,,0.9058368208256491,0.003166671677738077,per_out,,prob_cal,,,,,,,,
death_30d,B,,,0.8871754858845226,0.003610446477603378,l2,,logit,,,,,,,,
death_30d,B,,,0.9059795715704355,0.0019178187672314738,ens_all,,logit,,,,,,,,
death_30d,B,,,0.907704106965527,0.004240415131001816,per_out,,logit,,,,,,,,
death_30d,B,,,0.8854190310682366,0.004445989559747102,l2,,logit_cal,,,,,,,,
death_30d,B,,,0.9031369697829481,0.002930992805953321,ens_all,,logit_cal,,,,,,,,
death_30d,B,,,0.9076526812313803,0.002914267198759822,per_out,,logit_cal,,,,,,,,
death_30d,C,,,0.8767981273939565,,,,,ehr+ecg,plain,,,,,,
death_30d,C,,,0.877085402184707,,,,,ehr+ecg,stack,,,,,,
death_30d,C,,,0.8954239963115336,,,,,ehr+ctpa,plain,,,,,,
death_30d,C,,,0.8935886295928499,,,,,ehr+ctpa,stack,,,,,,
death_30d,C,,,0.8025668534543907,,,,,ecg+ctpa,plain,,,,,,
death_30d,C,,,0.8138472655695843,,,,,ecg+ctpa,stack,,,,,,
death_30d,C,,,0.8963922187544332,,,,,ehr+ecg+ctpa,plain,,,,,,
death_30d,C,,,0.8979456305858987,,,,,ehr+ecg+ctpa,stack,,,,,,
death_30d,D,,,0.908049900695134,,,,,,,late_best,0.15583226720579646,0.9610380059120104,0.07214179189621234,0.06596071082963544,0.003949900695134012
death_30d,D,,,0.8954550290821393,,,,,,,block,1.7464453211627526,0.9663645459127052,0.06523655724853991,0.06374877012226793,-0.008644970917860761
death_30d,D,,,0.9075001773301177,,,,,,,nnls,1.2205493087454171,0.9618870439679196,0.2669328861044115,0.06019681276556661,0.0034001773301176597
composite_30d,A,5.0,0.1,0.8519432977897223,0.004264051568767397,,,,,,,,,,,
composite_30d,A,5.0,0.5,0.8523448149186492,0.004112249688088652,,,,,,,,,,,
composite_30d,A,8.0,0.1,0.853864844049587,0.003544027670398821,,,,,,,,,,,
composite_30d,A,8.0,0.5,0.8547075144285149,0.003517770185388812,,,,,,,,,,,
composite_30d,A,10.0,0.1,0.8528900532670797,0.003426160009723599,,,,,,,,,,,
composite_30d,A,10.0,0.5,0.8543659348485286,0.0026873587168128508,,,,,,,,,,,
composite_30d,A,13.0,0.1,0.852650303071316,0.0038782871631298857,,,,,,,,,,,
composite_30d,A,13.0,0.5,0.8549736887049946,0.0033219173353300226,,,,,,,,,,,
composite_30d,A,16.0,0.1,0.8519922790125127,0.00266239751240634,,,,,,,,,,,
composite_30d,A,16.0,0.5,0.8537079107897254,0.0028758604054354366,,,,,,,,,,,
composite_30d,mod,,,0.8315013711519932,,l2,ehr,,,,,,,,,
composite_30d,mod,,,0.688769443450856,,l2,ecg,,,,,,,,,
composite_30d,mod,,,0.7149969547858199,,l2,ctpa,,,,,,,,,
composite_30d,corr,,,0.3087156906057786,,l2,,,,,,,,,,
composite_30d,mod,,,0.8488172001430767,,ens_all,ehr,,,,,,,,,
composite_30d,mod,,,0.7347070632856733,,ens_all,ecg,,,,,,,,,
composite_30d,mod,,,0.7349084663399104,,ens_all,ctpa,,,,,,,,,
composite_30d,corr,,,0.401956867651337,,ens_all,,,,,,,,,,
composite_30d,mod,,,0.8534655826348674,,per_out,ehr,,,,,,,,,
composite_30d,mod,,,0.7347070632856733,,per_out,ecg,,,,,,,,,
composite_30d,mod,,,0.7349084663399104,,per_out,ctpa,,,,,,,,,
composite_30d,corr,,,0.3745135886390851,,per_out,,,,,,,,,,
composite_30d,B,,,0.8455254686246265,0.0029210008143759508,l2,,rank,,,,,,,,
composite_30d,B,,,0.8587597438797638,0.0037023073916065347,ens_all,,rank,,,,,,,,
composite_30d,B,,,0.8615877650061388,0.004573650495646524,per_out,,rank,,,,,,,,
composite_30d,B,,,0.8394975557725338,0.002266225513435842,l2,,prob,,,,,,,,
composite_30d,B,,,0.8592856475349878,0.0026360395975729115,ens_all,,prob,,,,,,,,
composite_30d,B,,,0.8586601702097492,0.005856522226114884,per_out,,prob,,,,,,,,
composite_30d,B,,,0.840857429194742,0.003260824176566171,l2,,prob_cal,,,,,,,,
composite_30d,B,,,0.8518537137111977,0.003142592704901784,ens_all,,prob_cal,,,,,,,,
composite_30d,B,,,0.8576966579982791,0.0033522421718672896,per_out,,prob_cal,,,,,,,,
composite_30d,B,,,0.8456434102531878,0.0019362984407095398,l2,,logit,,,,,,,,
composite_30d,B,,,0.8608843044182997,0.0023272411049783544,ens_all,,logit,,,,,,,,
composite_30d,B,,,0.8646468357163343,0.003502515385323597,per_out,,logit,,,,,,,,
composite_30d,B,,,0.8445903139631932,0.002495531689240979,l2,,logit_cal,,,,,,,,
composite_30d,B,,,0.8579267408474397,0.002535889751904021,ens_all,,logit_cal,,,,,,,,
composite_30d,B,,,0.861873596220712,0.003939822574574182,per_out,,logit_cal,,,,,,,,
composite_30d,C,,,0.8465360285895663,,,,,ehr+ecg,plain,,,,,,
composite_30d,C,,,0.8467274420523132,,,,,ehr+ecg,stack,,,,,,
composite_30d,C,,,0.8493144240033772,,,,,ehr+ctpa,plain,,,,,,
composite_30d,C,,,0.8484585415840915,,,,,ehr+ctpa,stack,,,,,,
composite_30d,C,,,0.7784102370755631,,,,,ecg+ctpa,plain,,,,,,
composite_30d,C,,,0.7866880637271487,,,,,ecg+ctpa,stack,,,,,,
composite_30d,C,,,0.8549736887049946,,,,,ehr+ecg+ctpa,plain,,,,,,
composite_30d,C,,,0.8548818489122624,,,,,ehr+ecg+ctpa,stack,,,,,,
composite_30d,D,,,0.8672351066469451,,,,,,,late_best,0.13648742745429449,0.9801968502484024,0.10516414206502642,0.09534219953439324,-0.0011648933530548078
composite_30d,D,,,0.8572036233215068,,,,,,,block,1.4349730478625207,0.9818311135577726,0.09207371834578862,0.09150055690050299,-0.011196376678493158
composite_30d,D,,,0.869494043303268,,,,,,,nnls,1.0309255155270116,0.9862361890725533,0.2467935822940888,0.08786439384737069,0.0010940433032680108
cv_first,A,5.0,0.1,0.7925500501430003,0.009953677255989597,,,,,,,,,,,
cv_first,A,5.0,0.5,0.7901209003454296,0.005059959418210199,,,,,,,,,,,
cv_first,A,8.0,0.1,0.7908944025554359,0.008556113577440457,,,,,,,,,,,
cv_first,A,8.0,0.5,0.7877864651041859,0.006959123479014743,,,,,,,,,,,
cv_first,A,10.0,0.1,0.7923661924748355,0.010461970596410984,,,,,,,,,,,
cv_first,A,10.0,0.5,0.7933393381123945,0.007244484508420696,,,,,,,,,,,
cv_first,A,13.0,0.1,0.7921099060283029,0.00858689712937759,,,,,,,,,,,
cv_first,A,13.0,0.5,0.7928601938862682,0.007597679444533066,,,,,,,,,,,
cv_first,A,16.0,0.1,0.7904616870333915,0.008206206397131332,,,,,,,,,,,
cv_first,A,16.0,0.5,0.7912565464472755,0.005516726530648073,,,,,,,,,,,
cv_first,mod,,,0.7886008245737846,,l2,ehr,,,,,,,,,
cv_first,mod,,,0.6273353638153253,,l2,ecg,,,,,,,,,
cv_first,mod,,,0.566931619804628,,l2,ctpa,,,,,,,,,
cv_first,corr,,,0.139960827207954,,l2,,,,,,,,,,
cv_first,mod,,,0.8191369832485236,,ens_all,ehr,,,,,,,,,
cv_first,mod,,,0.6841640976117075,,ens_all,ecg,,,,,,,,,
cv_first,mod,,,0.5724612784607955,,ens_all,ctpa,,,,,,,,,
cv_first,corr,,,0.22919614000784602,,ens_all,,,,,,,,,,
cv_first,mod,,,0.8191369832485236,,per_out,ehr,,,,,,,,,
cv_first,mod,,,0.6841640976117075,,per_out,ecg,,,,,,,,,
cv_first,mod,,,0.566931619804628,,per_out,ctpa,,,,,,,,,
cv_first,corr,,,0.20635028994180069,,per_out,,,,,,,,,,
cv_first,B,,,0.7809159454741298,0.013179700289197384,l2,,rank,,,,,,,,
cv_first,B,,,0.8043615124614641,0.004176309805858102,ens_all,,rank,,,,,,,,
cv_first,B,,,0.8052956579875943,0.004974171448761381,per_out,,rank,,,,,,,,
cv_first,B,,,0.7710136314675186,0.011186292666336826,l2,,prob,,,,,,,,
cv_first,B,,,0.8039510827173793,0.005879376809769039,ens_all,,prob,,,,,,,,
cv_first,B,,,0.7839978828510938,0.009237998249893919,per_out,,prob,,,,,,,,
cv_first,B,,,0.752018720053486,0.0172335502022215,l2,,prob_cal,,,,,,,,
cv_first,B,,,0.7963432752665008,0.008429091011651665,ens_all,,prob_cal,,,,,,,,
cv_first,B,,,0.7913066894476841,0.011267843020094705,per_out,,prob_cal,,,,,,,,
cv_first,B,,,0.7549344426698362,0.020344896655378763,l2,,logit,,,,,,,,
cv_first,B,,,0.8069680199086283,0.005871008307400998,ens_all,,logit,,,,,,,,
cv_first,B,,,0.8063820896631133,0.008814947936914196,per_out,,logit,,,,,,,,
cv_first,B,,,0.7472087063105894,0.021284964402532823,l2,,logit_cal,,,,,,,,
cv_first,B,,,0.7942112691750548,0.008098857374801195,ens_all,,logit_cal,,,,,,,,
cv_first,B,,,0.7896278275080786,0.00957343125863579,per_out,,logit_cal,,,,,,,,
cv_first,C,,,0.7788266537904394,,,,,ehr+ecg,plain,,,,,,
cv_first,C,,,0.7776390075400215,,,,,ehr+ecg,stack,,,,,,
cv_first,C,,,0.7928704082011664,,,,,ehr+ctpa,plain,,,,,,
cv_first,C,,,0.7879396798276567,,,,,ehr+ctpa,stack,,,,,,
cv_first,C,,,0.6983619953199867,,,,,ecg+ctpa,plain,,,,,,
cv_first,C,,,0.6949392712550607,,,,,ecg+ctpa,stack,,,,,,
cv_first,C,,,0.7933393381123945,,,,,ehr+ecg+ctpa,plain,,,,,,
cv_first,C,,,0.7896696133417522,,,,,ehr+ecg+ctpa,stack,,,,,,
cv_first,D,,,0.8159380455372729,,,,,,,late_best,0.10679975277018326,0.9634082118601663,0.2583320239117185,0.045491990391353744,-0.007961954462727072
cv_first,D,,,0.7933922668350482,,,,,,,block,0.9834358035787832,0.9429208935082022,0.04767197188925721,0.04582027162463161,-0.03050773316495181
cv_first,D,,,0.8153809010882888,,,,,,,nnls,0.5999397338544727,0.9761701415700259,0.30258762603458644,0.0462026163127945,-0.00851909891171121
