outcome,pair,method,param,k,nfeat,n_selected,mean,sd,vs_late
death_30d_inhosp,ehr+ctpa,late_wsrc,,,74,,0.8785741808185737,0.011546813325024585,0.0
death_30d_inhosp,ehr+ctpa,early,,,74,,0.8773639309330044,0.012969369935575356,-0.0012102498855693922
death_30d_inhosp,ehr+ctpa,coop,0.0,,74,,0.8773639309330044,0.012969369935575356,-0.0012102498855693922
death_30d_inhosp,ehr+ctpa,coop,0.2,,74,,0.8813218100993799,0.012242278518157906,0.0027476292808061853
death_30d_inhosp,ehr+ctpa,coop,0.5,,74,,0.8817627237863236,0.011580341443920332,0.003188542967749841
death_30d_inhosp,ehr+ctpa,coop,1.0,,74,,0.8813463771376556,0.011898738756409373,0.0027721963190818766
death_30d_inhosp,ehr+ctpa,coop,2.0,,74,,0.8807632332291174,0.012623145121004842,0.0021890524105436793
death_30d_inhosp,ehr+ctpa,coop,5.0,,74,,0.8773018668363086,0.010403595064240628,-0.0012723139822651275
death_30d_inhosp,ehr+ctpa,spca,0.05,5.0,74,32.900000000000006,0.8901646508765261,0.003975354575346511,0.011590470057952329
death_30d_inhosp,ehr+ctpa,spca,0.05,10.0,74,32.900000000000006,0.8838586800518233,0.01031173154987409,0.005284499233249584
death_30d_inhosp,ehr+ctpa,spca,0.05,20.0,74,32.900000000000006,0.8841521915091143,0.009512615732779834,0.005578010690540536
death_30d_inhosp,ehr+ctpa,spca,0.1,5.0,74,38.5,0.8927325528773175,0.004339578901057999,0.014158372058743707
death_30d_inhosp,ehr+ctpa,spca,0.1,10.0,74,38.5,0.8848348965727689,0.007379238508640102,0.0062607157541951786
death_30d_inhosp,ehr+ctpa,spca,0.1,20.0,74,38.5,0.8860179934160337,0.009149271254190565,0.0074438125974599645
death_30d_inhosp,ehr+ctpa,spca,0.25,5.0,74,49.03333333333333,0.8998337199409355,0.0036043315603019664,0.02125953912236178
death_30d_inhosp,ehr+ctpa,spca,0.25,10.0,74,49.03333333333333,0.8913257666855444,0.0057284249277354295,0.012751585866970672
death_30d_inhosp,ehr+ctpa,spca,0.25,20.0,74,49.03333333333333,0.8865455382379485,0.006813586759854782,0.007971357419374714
death_30d_inhosp,ehr+ctpa,spca,0.5,5.0,74,61.400000000000006,0.8996940757233699,0.0031222260767146317,0.021119894904796155
death_30d_inhosp,ehr+ctpa,spca,0.5,10.0,74,61.400000000000006,0.8973718441053332,0.0070763169672948935,0.01879766328675947
death_30d_inhosp,ehr+ctpa,spca,0.5,20.0,74,61.400000000000006,0.8821907074531222,0.012859100796699307,0.003616526634548478
death_30d_inhosp,ehr+ctpa,lol,5.0,5.0,74,,0.8899577705542064,0.008394357887746427,0.011383589735632693
death_30d_inhosp,ehr+ctpa,lol,10.0,10.0,74,,0.8791883567754599,0.010669442308533568,0.000614175956886176
death_30d_inhosp,ehr+ctpa,lol,20.0,20.0,74,,0.8663204007271843,0.0065655179770563,-0.012253780091389443
death_30d_inhosp,ehr+ctpa,lol,30.0,30.0,74,,0.8617354155837775,0.010227639428794146,-0.016838765234796216
death_30d_inhosp,ehr+ecg,late_wsrc,,,292,,0.8731196518204176,0.011712192956442057,0.0
death_30d_inhosp,ehr+ecg,early,,,292,,0.8432480727804973,0.014940024617681614,-0.029871579039920326
death_30d_inhosp,ehr+ecg,coop,0.0,,292,,0.8432480727804973,0.014940024617681614,-0.029871579039920326
death_30d_inhosp,ehr+ecg,coop,0.2,,292,,0.8427774200472204,0.012188957840639234,-0.03034223177319717
death_30d_inhosp,ehr+ecg,coop,0.5,,292,,0.8433683219678456,0.014079842279576817,-0.029751329852572006
death_30d_inhosp,ehr+ecg,coop,1.0,,292,,0.8478679689782957,0.012989928579059918,-0.02525168284212187
death_30d_inhosp,ehr+ecg,coop,2.0,,292,,0.8504100109387971,0.013684691758524024,-0.02270964088162053
death_30d_inhosp,ehr+ecg,coop,5.0,,292,,0.8558367403936415,0.009536589174424653,-0.01728291142677607
death_30d_inhosp,ehr+ecg,spca,0.05,5.0,292,147.4,0.7408539502504544,0.005446713855799294,-0.1322657015699632
death_30d_inhosp,ehr+ecg,spca,0.05,10.0,292,147.4,0.844526851772835,0.005849237919048178,-0.02859280004758258
death_30d_inhosp,ehr+ecg,spca,0.05,20.0,292,147.4,0.8523352909383833,0.010421401386359563,-0.02078436088203428
death_30d_inhosp,ehr+ecg,spca,0.1,5.0,292,165.93333333333337,0.7361099258592646,0.005840239365639207,-0.13700972596115302
death_30d_inhosp,ehr+ecg,spca,0.1,10.0,292,165.93333333333337,0.836214141821633,0.007307527558678313,-0.036905509998784614
death_30d_inhosp,ehr+ecg,spca,0.1,20.0,292,165.93333333333337,0.843819579670905,0.006240977655157992,-0.02930007214951258
death_30d_inhosp,ehr+ecg,spca,0.25,5.0,292,199.73333333333335,0.7317667320925686,0.00534789884829835,-0.14135291972784902
death_30d_inhosp,ehr+ecg,spca,0.25,10.0,292,199.73333333333335,0.8088593912029315,0.01065668216703286,-0.06426026061748613
death_30d_inhosp,ehr+ecg,spca,0.25,20.0,292,199.73333333333335,0.8298848969606692,0.008396147305397906,-0.04323475485974837
death_30d_inhosp,ehr+ecg,spca,0.5,5.0,292,238.53333333333333,0.7312598753028858,0.0054724264257774834,-0.1418597765175318
death_30d_inhosp,ehr+ecg,spca,0.5,10.0,292,238.53333333333333,0.756887175230219,0.01379344790790429,-0.11623247659019864
death_30d_inhosp,ehr+ecg,spca,0.5,20.0,292,238.53333333333333,0.8213381536448433,0.005546942112505089,-0.051781498175574314
death_30d_inhosp,ehr+ecg,lol,5.0,5.0,292,,0.8277048955642274,0.007347761741307498,-0.04541475625619018
death_30d_inhosp,ehr+ecg,lol,10.0,10.0,292,,0.8488584085214005,0.004908704593325867,-0.024261243299017132
death_30d_inhosp,ehr+ecg,lol,20.0,20.0,292,,0.84969498082478,0.005844588740105115,-0.02342467099563761
death_30d_inhosp,ehr+ecg,lol,30.0,30.0,292,,0.8399625546616601,0.006273304659835878,-0.033157097158757476
death_30d_inhosp,ecg+ctpa,late_wsrc,,,310,,0.78457099486161,0.006944454600742401,0.0
death_30d_inhosp,ecg+ctpa,early,,,310,,0.7718614315601103,0.010863827086848833,-0.012709563301499638
death_30d_inhosp,ecg+ctpa,coop,0.0,,310,,0.7718614315601103,0.010863827086848833,-0.012709563301499638
death_30d_inhosp,ecg+ctpa,coop,0.2,,310,,0.7772506639565343,0.011181001852359302,-0.007320330905075667
death_30d_inhosp,ecg+ctpa,coop,0.5,,310,,0.7802530146341967,0.011579038662135529,-0.004317980227413254
death_30d_inhosp,ecg+ctpa,coop,1.0,,310,,0.7832359702816417,0.01253192270067701,-0.001335024579968258
death_30d_inhosp,ecg+ctpa,coop,2.0,,310,,0.7879657716506722,0.013795820537360021,0.0033947767890621927
death_30d_inhosp,ecg+ctpa,coop,5.0,,310,,0.7858775733972593,0.013295267646365624,0.0013065785356493054
death_30d_inhosp,ecg+ctpa,spca,0.05,5.0,310,139.36666666666667,0.7191431534250331,0.006018328400433201,-0.06542784143657687
death_30d_inhosp,ecg+ctpa,spca,0.05,10.0,310,139.36666666666667,0.7347639107621728,0.009612432650735848,-0.04980708409943713
death_30d_inhosp,ecg+ctpa,spca,0.05,20.0,310,139.36666666666667,0.7729721202905634,0.00868297378379831,-0.01159887457104658
death_30d_inhosp,ecg+ctpa,spca,0.1,5.0,310,160.4333333333333,0.7202292751172105,0.004607857983295861,-0.0643417197443995
death_30d_inhosp,ecg+ctpa,spca,0.1,10.0,310,160.4333333333333,0.7275114624628585,0.014972183285669228,-0.0570595323987515
death_30d_inhosp,ecg+ctpa,spca,0.1,20.0,310,160.4333333333333,0.7621186613808745,0.014666739378206724,-0.022452333480735498
death_30d_inhosp,ecg+ctpa,spca,0.25,5.0,310,200.16666666666666,0.7182121919745951,0.005706759977410902,-0.0663588028870149
death_30d_inhosp,ecg+ctpa,spca,0.25,10.0,310,200.16666666666666,0.7152499243593821,0.011435628763957765,-0.06932107050222791
death_30d_inhosp,ecg+ctpa,spca,0.25,20.0,310,200.16666666666666,0.7505036242846467,0.008190887582798949,-0.034067370576963296
death_30d_inhosp,ecg+ctpa,spca,0.5,5.0,310,248.13333333333333,0.7182302940027981,0.005193907494379533,-0.06634070085881183
death_30d_inhosp,ecg+ctpa,spca,0.5,10.0,310,248.13333333333333,0.7084539057711852,0.010032526130663045,-0.0761170890904248
death_30d_inhosp,ecg+ctpa,spca,0.5,20.0,310,248.13333333333333,0.7481257935799864,0.008160637635249742,-0.03644520128162354
death_30d_inhosp,ecg+ctpa,lol,5.0,5.0,310,,0.7570940555525385,0.007619356385643986,-0.02747693930907147
death_30d_inhosp,ecg+ctpa,lol,10.0,10.0,310,,0.7762964284698356,0.008796116647038782,-0.008274566391774374
death_30d_inhosp,ecg+ctpa,lol,20.0,20.0,310,,0.7798276169714272,0.012061387155124703,-0.004743377890182754
death_30d_inhosp,ecg+ctpa,lol,30.0,30.0,310,,0.7788707954806994,0.008602074099861448,-0.005700199380910598
death_30d,ehr+ctpa,late_wsrc,,,74,,0.8809671584621933,0.005980752504221958,0.0
death_30d,ehr+ctpa,early,,,74,,0.8846031647515015,0.004508488266602942,0.003636006289308158
death_30d,ehr+ctpa,coop,0.0,,74,,0.8846031647515015,0.004508488266602942,0.003636006289308158
death_30d,ehr+ctpa,coop,0.2,,74,,0.8863210502671773,0.004491231972173238,0.005353891804984023
death_30d,ehr+ctpa,coop,0.5,,74,,0.8868271799782476,0.004452987901976414,0.005860021516054248
death_30d,ehr+ctpa,coop,1.0,,74,,0.8863107060103088,0.006458986134854561,0.0053435475481155015
death_30d,ehr+ctpa,coop,2.0,,74,,0.8874670461531187,0.005346392340141452,0.0064998876909253545
death_30d,ehr+ctpa,coop,5.0,,74,,0.8885753593890385,0.00413621636435127,0.007608200926845221
death_30d,ehr+ctpa,spca,0.05,5.0,74,39.56666666666666,0.8645626448195962,0.0044081362795221615,-0.016404513642597096
death_30d,ehr+ctpa,spca,0.05,10.0,74,39.56666666666666,0.8725048174681987,0.007213770563658243,-0.008462340993994566
death_30d,ehr+ctpa,spca,0.05,20.0,74,39.56666666666666,0.8740202510994468,0.008432880565180746,-0.006946907362746502
death_30d,ehr+ctpa,spca,0.1,5.0,74,44.46666666666667,0.8659162647183999,0.004497974154585971,-0.015050893743793425
death_30d,ehr+ctpa,spca,0.1,10.0,74,44.46666666666667,0.8707403827966141,0.01030169378866032,-0.010226775665579169
death_30d,ehr+ctpa,spca,0.1,20.0,74,44.46666666666667,0.8756095722797559,0.010704811206878679,-0.005357586182437424
death_30d,ehr+ctpa,spca,0.25,5.0,74,52.73333333333333,0.8474015226746111,0.006123142246252924,-0.033565635787582204
death_30d,ehr+ctpa,spca,0.25,10.0,74,52.73333333333333,0.8775328651818223,0.004702588323343832,-0.003434293280371037
death_30d,ehr+ctpa,spca,0.25,20.0,74,52.73333333333333,0.8671391036553647,0.009989323409375864,-0.013828054806828582
death_30d,ehr+ctpa,spca,0.5,5.0,74,62.03333333333334,0.8411772355416844,0.006659118201926774,-0.03978992292050887
death_30d,ehr+ctpa,spca,0.5,10.0,74,62.03333333333334,0.8771730328178938,0.005741432216134339,-0.003794125644299484
death_30d,ehr+ctpa,spca,0.5,20.0,74,62.03333333333334,0.8649978424835675,0.006403707916689508,-0.01596931597862583
death_30d,ehr+ctpa,lol,5.0,5.0,74,,0.8880936125691586,0.0035646626073711327,0.00712645410696533
death_30d,ehr+ctpa,lol,10.0,10.0,74,,0.876668380857805,0.006122940028912408,-0.0042987776043883485
death_30d,ehr+ctpa,lol,20.0,20.0,74,,0.8748307975126495,0.008630578411222847,-0.00613636094954384
death_30d,ehr+ctpa,lol,30.0,30.0,74,,0.8755223849718637,0.006493099972941816,-0.005444773490329569
death_30d,ehr+ecg,late_wsrc,,,292,,0.8662986327847922,0.005029780287155791,0.0
death_30d,ehr+ecg,early,,,292,,0.8401937922636781,0.009631176634968595,-0.02610484052111417
death_30d,ehr+ecg,coop,0.0,,292,,0.8401937922636781,0.009631176634968595,-0.02610484052111417
death_30d,ehr+ecg,coop,0.2,,292,,0.8375877784082849,0.007830152864551736,-0.028710854376507333
death_30d,ehr+ecg,coop,0.5,,292,,0.8418887726391451,0.007127350790297043,-0.024409860145647166
death_30d,ehr+ecg,coop,1.0,,292,,0.8455018737882442,0.007382796324744186,-0.020796758996548093
death_30d,ehr+ecg,coop,2.0,,292,,0.8492908273041092,0.00816140478995131,-0.017007805480683036
death_30d,ehr+ecg,coop,5.0,,292,,0.8495671667375988,0.00660754030939602,-0.016731466047193444
death_30d,ehr+ecg,spca,0.05,5.0,292,150.76666666666668,0.7047372263205184,0.007658324763580828,-0.16156140646427386
death_30d,ehr+ecg,spca,0.05,10.0,292,150.76666666666668,0.7994558920887123,0.005939311988839287,-0.06684274069607998
death_30d,ehr+ecg,spca,0.05,20.0,292,150.76666666666668,0.8065003310162199,0.0076838439733998955,-0.05979830176857237
death_30d,ehr+ecg,spca,0.1,5.0,292,167.66666666666666,0.7061455230056274,0.0054107189576896005,-0.16015310977916486
death_30d,ehr+ecg,spca,0.1,10.0,292,167.66666666666666,0.7896717028420107,0.010411321262071888,-0.07662692994278153
death_30d,ehr+ecg,spca,0.1,20.0,292,167.66666666666666,0.8031783468104222,0.007951011984753766,-0.06312028597437003
death_30d,ehr+ecg,spca,0.25,5.0,292,197.76666666666665,0.7068843984962405,0.008676338239277492,-0.15941423428855173
death_30d,ehr+ecg,spca,0.25,10.0,292,197.76666666666665,0.7758163096420296,0.00938481708928477,-0.09048232314276261
death_30d,ehr+ecg,spca,0.25,20.0,292,197.76666666666665,0.7962861162339813,0.006706108719164845,-0.07001251655081098
death_30d,ehr+ecg,spca,0.5,5.0,292,231.96666666666667,0.7151731037499408,0.010876448272408058,-0.15112552903485144
death_30d,ehr+ecg,spca,0.5,10.0,292,231.96666666666667,0.7557336738071595,0.007382469012467293,-0.11056495897763274
death_30d,ehr+ecg,spca,0.5,20.0,292,231.96666666666667,0.797050852366766,0.005556107617608165,-0.06924778041802626
death_30d,ehr+ecg,lol,5.0,5.0,292,,0.8033150387761857,0.006831424092826448,-0.06298359400860654
death_30d,ehr+ecg,lol,10.0,10.0,292,,0.8265837057265807,0.006626682845996443,-0.03971492705821156
death_30d,ehr+ecg,lol,20.0,20.0,292,,0.8319952298198326,0.004564437918678355,-0.034303402964959595
death_30d,ehr+ecg,lol,30.0,30.0,292,,0.8286872842483567,0.005200374388057812,-0.03761134853643555
death_30d,ecg+ctpa,late_wsrc,,,310,,0.8147321428571428,0.00408790227493942,0.0
death_30d,ecg+ctpa,early,,,310,,0.804877760438833,0.006138331184375996,-0.009854382418309826
death_30d,ecg+ctpa,coop,0.0,,310,,0.804877760438833,0.006138331184375996,-0.009854382418309826
death_30d,ecg+ctpa,coop,0.2,,310,,0.8043058708090983,0.005108420009201907,-0.010426272048044471
death_30d,ecg+ctpa,coop,0.5,,310,,0.8075096349363976,0.005292692581630655,-0.0072225079207451914
death_30d,ecg+ctpa,coop,1.0,,310,,0.8096065635787583,0.005462764058054232,-0.005125579278384529
death_30d,ecg+ctpa,coop,2.0,,310,,0.8102072693526269,0.005316407810686512,-0.004524873504515914
death_30d,ecg+ctpa,coop,5.0,,310,,0.8079958150092211,0.006414876261438938,-0.006736327847921664
death_30d,ecg+ctpa,spca,0.05,5.0,310,148.0,0.6899944436563107,0.005120300571649161,-0.12473769920083211
death_30d,ecg+ctpa,spca,0.05,10.0,310,148.0,0.7432754941599281,0.005399944792660005,-0.07145664869721469
death_30d,ecg+ctpa,spca,0.05,20.0,310,148.0,0.7705488662694472,0.011540078590264262,-0.04418327658769561
death_30d,ecg+ctpa,spca,0.1,5.0,310,167.33333333333334,0.6897705643826547,0.005631366606906229,-0.12496157847448808
death_30d,ecg+ctpa,spca,0.1,10.0,310,167.33333333333334,0.7317623362651914,0.006318736068464496,-0.08296980659195141
death_30d,ecg+ctpa,spca,0.1,20.0,310,167.33333333333334,0.7713076913983071,0.004993983913176053,-0.04342445145883567
death_30d,ecg+ctpa,spca,0.25,5.0,310,201.16666666666666,0.6913406748002081,0.008786593109892415,-0.12339146805693468
death_30d,ecg+ctpa,spca,0.25,10.0,310,201.16666666666666,0.7220416903106823,0.007254521123478914,-0.09269045254646047
death_30d,ecg+ctpa,spca,0.25,20.0,310,201.16666666666666,0.7597598063555115,0.007772298724803371,-0.05497233650163125
death_30d,ecg+ctpa,spca,0.5,5.0,310,240.33333333333334,0.7006623279897858,0.010799141011450441,-0.11406981486735701
death_30d,ecg+ctpa,spca,0.5,10.0,310,240.33333333333334,0.7155078143471888,0.0061965095306976605,-0.099224328509954
death_30d,ecg+ctpa,spca,0.5,20.0,310,240.33333333333334,0.7441813555114201,0.00443972320963901,-0.07055078734572273
death_30d,ecg+ctpa,lol,5.0,5.0,310,,0.7670111304203905,0.006086081903050936,-0.04772101243675231
death_30d,ecg+ctpa,lol,10.0,10.0,310,,0.7952805066912564,0.005784415899529079,-0.01945163616588641
death_30d,ecg+ctpa,lol,20.0,20.0,310,,0.8085736156428808,0.00612341185898577,-0.006158527214262022
death_30d,ecg+ctpa,lol,30.0,30.0,310,,0.8043908414905188,0.005610735445846859,-0.010341301366624034
composite_30d,ehr+ctpa,late_wsrc,,,74,,0.84349639998754,0.004491287189474313,0.0
composite_30d,ehr+ctpa,early,,,74,,0.8435817948825363,0.00421799842870796,8.539489499626018e-05
composite_30d,ehr+ctpa,coop,0.0,,74,,0.8435817948825363,0.00421799842870796,8.539489499626018e-05
composite_30d,ehr+ctpa,coop,0.2,,74,,0.8459653328950801,0.003182834622232988,0.0024689329075401334
composite_30d,ehr+ctpa,coop,0.5,,74,,0.8460281706480023,0.0030475522007124816,0.0025317706604622847
composite_30d,ehr+ctpa,coop,1.0,,74,,0.8461065835704519,0.002752560417215553,0.0026101835829118736
composite_30d,ehr+ctpa,coop,2.0,,74,,0.8461055094208293,0.0024413975289888567,0.0026091094332892917
composite_30d,ehr+ctpa,coop,5.0,,74,,0.8441145730953447,0.003955922863584652,0.0006181731078046537
composite_30d,ehr+ctpa,spca,0.05,5.0,74,41.86666666666667,0.8275651498599847,0.005164908133109288,-0.015931250127555252
composite_30d,ehr+ctpa,spca,0.05,10.0,74,41.86666666666667,0.8345847176436593,0.005218339977864895,-0.008911682343880734
composite_30d,ehr+ctpa,spca,0.05,20.0,74,41.86666666666667,0.8394914331196849,0.006833033873349242,-0.00400496686785512
composite_30d,ehr+ctpa,spca,0.1,5.0,74,46.53333333333333,0.8239463397814535,0.006107705761427843,-0.019550060206086517
composite_30d,ehr+ctpa,spca,0.1,10.0,74,46.53333333333333,0.8307124082541955,0.006026203198081153,-0.012783991733344546
composite_30d,ehr+ctpa,spca,0.1,20.0,74,46.53333333333333,0.8388813161340495,0.005498064941827109,-0.00461508385349052
composite_30d,ehr+ctpa,spca,0.25,5.0,74,55.833333333333336,0.8218641007380483,0.004462340179222861,-0.021632299249491727
composite_30d,ehr+ctpa,spca,0.25,10.0,74,55.833333333333336,0.8300276378697893,0.00476134357067178,-0.013468762117750721
composite_30d,ehr+ctpa,spca,0.25,20.0,74,55.833333333333336,0.8356153642065417,0.006657698420909944,-0.007881035780998302
composite_30d,ehr+ctpa,spca,0.5,5.0,74,64.53333333333335,0.81508299417059,0.0077208691326092396,-0.028413405816949955
composite_30d,ehr+ctpa,spca,0.5,10.0,74,64.53333333333335,0.8326797132879826,0.0049509097272994506,-0.010816686699557376
composite_30d,ehr+ctpa,spca,0.5,20.0,74,64.53333333333335,0.8309186449817342,0.003968527834751583,-0.012577755005805824
composite_30d,ehr+ctpa,lol,5.0,5.0,74,,0.8439776190184635,0.004179746823328046,0.0004812190309234632
composite_30d,ehr+ctpa,lol,10.0,10.0,74,,0.8346035152620549,0.00592749569829418,-0.008892884725485106
composite_30d,ehr+ctpa,lol,20.0,20.0,74,,0.8339359312716105,0.004572767239479354,-0.009560468715929527
composite_30d,ehr+ctpa,lol,30.0,30.0,74,,0.835042305382886,0.005762305329875991,-0.008454094604653961
composite_30d,ehr+ecg,late_wsrc,,,292,,0.8408037754210934,0.0032243292223064495,0.0
composite_30d,ehr+ecg,early,,,292,,0.8208108970330913,0.005484084915432926,-0.019992878388002122
composite_30d,ehr+ecg,coop,0.0,,292,,0.8208108970330913,0.005484084915432926,-0.019992878388002122
composite_30d,ehr+ecg,coop,0.2,,292,,0.8213726772857098,0.004973368280980139,-0.019431098135383573
composite_30d,ehr+ecg,coop,0.5,,292,,0.8244479676552064,0.00475959621275556,-0.016355807765886965
composite_30d,ehr+ecg,coop,1.0,,292,,0.827154287629341,0.003937512895613008,-0.013649487791752457
composite_30d,ehr+ecg,coop,2.0,,292,,0.8293213844929315,0.004693131761058325,-0.011482390928161945
composite_30d,ehr+ecg,coop,5.0,,292,,0.8310684888540864,0.004199733760930371,-0.009735286567007062
composite_30d,ehr+ecg,spca,0.05,5.0,292,160.93333333333334,0.715924482984933,0.006860780692392638,-0.12487929243616036
composite_30d,ehr+ecg,spca,0.05,10.0,292,160.93333333333334,0.7939260061290977,0.0047766270543878105,-0.04687776929199572
composite_30d,ehr+ecg,spca,0.05,20.0,292,160.93333333333334,0.7898055681768136,0.007284195922279057,-0.050998207244279836
composite_30d,ehr+ecg,spca,0.1,5.0,292,178.53333333333333,0.71871458662963,0.0028672687758492755,-0.12208918879146347
composite_30d,ehr+ecg,spca,0.1,10.0,292,178.53333333333333,0.7874961464882287,0.0035671012208962375,-0.05330762893286467
composite_30d,ehr+ecg,spca,0.1,20.0,292,178.53333333333333,0.7882894059845172,0.008603265638776907,-0.05251436943657617
composite_30d,ehr+ecg,spca,0.25,5.0,292,209.1,0.722565413026642,0.0037374481906064733,-0.1182383623944514
composite_30d,ehr+ecg,spca,0.25,10.0,292,209.1,0.774479601361592,0.0029630268686951936,-0.06632417405950142
composite_30d,ehr+ecg,spca,0.25,20.0,292,209.1,0.7851931696973798,0.008844411087555959,-0.05561060572371357
composite_30d,ehr+ecg,spca,0.5,5.0,292,242.96666666666667,0.7262169846686625,0.006854805295037691,-0.11458679075243094
composite_30d,ehr+ecg,spca,0.5,10.0,292,242.96666666666667,0.7575757087507746,0.008775060544929297,-0.08322806667031879
composite_30d,ehr+ecg,spca,0.5,20.0,292,242.96666666666667,0.7833048146608533,0.006711586275147109,-0.05749896076024008
composite_30d,ehr+ecg,lol,5.0,5.0,292,,0.7897481011720046,0.0038697615503311567,-0.051055674249088856
composite_30d,ehr+ecg,lol,10.0,10.0,292,,0.8082508654960584,0.0038116944081218853,-0.03255290992503501
composite_30d,ehr+ecg,lol,20.0,20.0,292,,0.8085559239888761,0.0047741341808078515,-0.03224785143221731
composite_30d,ehr+ecg,lol,30.0,30.0,292,,0.8037227877619985,0.007169953703304719,-0.037080987659094955
composite_30d,ecg+ctpa,late_wsrc,,,310,,0.7876191366200164,0.008692542510961842,0.0
composite_30d,ecg+ctpa,early,,,310,,0.7842334170095889,0.005993943618056778,-0.00338571961042744
composite_30d,ecg+ctpa,coop,0.0,,310,,0.7842334170095889,0.005993943618056778,-0.00338571961042744
composite_30d,ecg+ctpa,coop,0.2,,310,,0.7893076998267397,0.005208575067479385,0.0016885632067232814
composite_30d,ecg+ctpa,coop,0.5,,310,,0.7917218511035277,0.0053710339903013235,0.004102714483511294
composite_30d,ecg+ctpa,coop,1.0,,310,,0.7928147983445206,0.005294744796544885,0.0051956617245042525
composite_30d,ecg+ctpa,coop,2.0,,310,,0.7925124252257594,0.00526128286836755,0.004893288605743007
composite_30d,ecg+ctpa,coop,5.0,,310,,0.7818471936229886,0.007123352029148511,-0.005771942997027768
composite_30d,ecg+ctpa,spca,0.05,5.0,310,158.53333333333333,0.7071121594811428,0.002981107227162676,-0.08050697713887356
composite_30d,ecg+ctpa,spca,0.05,10.0,310,158.53333333333333,0.7527688891896506,0.006252563218295637,-0.0348502474303658
composite_30d,ecg+ctpa,spca,0.05,20.0,310,158.53333333333333,0.7578233002387833,0.008488759011884287,-0.029795836381233065
composite_30d,ecg+ctpa,spca,0.1,5.0,310,178.79999999999998,0.706506876168809,0.0022939125490089238,-0.08111226045120734
composite_30d,ecg+ctpa,spca,0.1,10.0,310,178.79999999999998,0.7449523023860086,0.008051769764024658,-0.042666834234007744
composite_30d,ecg+ctpa,spca,0.1,20.0,310,178.79999999999998,0.7574709791625716,0.009539120911999743,-0.030148157457444813
composite_30d,ecg+ctpa,spca,0.25,5.0,310,214.39999999999998,0.7101783195788474,0.0038527017920982013,-0.07744081704116901
composite_30d,ecg+ctpa,spca,0.25,10.0,310,214.39999999999998,0.7334991820350624,0.004166381725304387,-0.054119954584954
composite_30d,ecg+ctpa,spca,0.25,20.0,310,214.39999999999998,0.747631768619578,0.00548489524683922,-0.03998736800043834
composite_30d,ecg+ctpa,spca,0.5,5.0,310,253.96666666666667,0.7162075214104874,0.005534935684802469,-0.07141161520952899
composite_30d,ecg+ctpa,spca,0.5,10.0,310,253.96666666666667,0.7234639391859451,0.007030473863298778,-0.06415519743407128
composite_30d,ecg+ctpa,spca,0.5,20.0,310,253.96666666666667,0.7452691765246748,0.008062780198524779,-0.04234996009534153
composite_30d,ecg+ctpa,lol,5.0,5.0,310,,0.7587089366026151,0.0045400351977201575,-0.0289102000174013
composite_30d,ecg+ctpa,lol,10.0,10.0,310,,0.7784120631299215,0.005678273635679068,-0.009207073490094864
composite_30d,ecg+ctpa,lol,20.0,20.0,310,,0.7856776111771713,0.0050612223106205065,-0.0019415254428450934
composite_30d,ecg+ctpa,lol,30.0,30.0,310,,0.7795898681910999,0.005778033116981571,-0.008029268428916492
cv_first,ehr+ctpa,late_wsrc,,,74,,0.7997321063774466,0.011735614737185675,0.0
cv_first,ehr+ctpa,early,,,74,,0.7888236823533781,0.005505806949110366,-0.010908424024068553
cv_first,ehr+ctpa,coop,0.0,,74,,0.7888236823533781,0.005505806949110366,-0.010908424024068553
cv_first,ehr+ctpa,coop,0.2,,74,,0.7941041736309723,0.006413804873768774,-0.005627932746474329
cv_first,ehr+ctpa,coop,0.5,,74,,0.7945003652391388,0.0061606132969531735,-0.005231741138307822
cv_first,ehr+ctpa,coop,1.0,,74,,0.7953035818197577,0.006061398221373626,-0.00442852455768894
cv_first,ehr+ctpa,coop,2.0,,74,,0.7966206093922173,0.006136973198863445,-0.0031114969852292784
cv_first,ehr+ctpa,coop,5.0,,74,,0.7842458121308917,0.01887174987824322,-0.0154862942465549
cv_first,ehr+ctpa,spca,0.05,5.0,74,23.899999999999995,0.7649469474674689,0.020463980976720808,-0.03478515890997769
cv_first,ehr+ctpa,spca,0.05,10.0,74,23.899999999999995,0.7601818148051852,0.014049775405535871,-0.03955029157226142
cv_first,ehr+ctpa,spca,0.05,20.0,74,23.899999999999995,0.7735764959328454,0.019382437121635145,-0.02615561044460124
cv_first,ehr+ctpa,spca,0.1,5.0,74,30.333333333333332,0.7686086245960704,0.019563603709769315,-0.03112348178137625
cv_first,ehr+ctpa,spca,0.1,10.0,74,30.333333333333332,0.7714005373348685,0.01597072232943815,-0.028331569042578164
cv_first,ehr+ctpa,spca,0.1,20.0,74,30.333333333333332,0.7558685881959663,0.026142006123143827,-0.043863518181480377
cv_first,ehr+ctpa,spca,0.25,5.0,74,40.1,0.7714516089093588,0.01048609798094503,-0.028280497468087806
cv_first,ehr+ctpa,spca,0.25,10.0,74,40.1,0.7707195830083324,0.015468328156525598,-0.029012523369114196
cv_first,ehr+ctpa,spca,0.25,20.0,74,40.1,0.7630139657541878,0.014745850852362467,-0.036718140623258844
cv_first,ehr+ctpa,spca,0.5,5.0,74,51.6,0.7637862298654187,0.01323603015619927,-0.03594587651202796
cv_first,ehr+ctpa,spca,0.5,10.0,74,51.6,0.7709904171154774,0.006753551278067854,-0.028741689261969183
cv_first,ehr+ctpa,spca,0.5,20.0,74,51.6,0.745898797806089,0.01180485046095444,-0.053833308571357597
cv_first,ehr+ctpa,lol,5.0,5.0,74,,0.7808441357451498,0.015119965431821581,-0.018887970632296858
cv_first,ehr+ctpa,lol,10.0,10.0,74,,0.7639564684470527,0.020697619250567966,-0.035775637930393955
cv_first,ehr+ctpa,lol,20.0,20.0,74,,0.7600781240327353,0.018752201403907143,-0.03965398234471129
cv_first,ehr+ctpa,lol,30.0,30.0,74,,0.7467376097265039,0.01956427068768321,-0.05299449665094269
cv_first,ehr+ecg,late_wsrc,,,292,,0.8010971102774579,0.012778970842513334,0.0
cv_first,ehr+ecg,early,,,292,,0.7274108878406319,0.009292276915702745,-0.07368622243682599
cv_first,ehr+ecg,coop,0.0,,292,,0.7274108878406319,0.009292276915702745,-0.07368622243682599
cv_first,ehr+ecg,coop,0.2,,292,,0.731392923027399,0.006906772262370719,-0.06970418725005889
cv_first,ehr+ecg,coop,0.5,,292,,0.7401400908764502,0.007650813514072397,-0.06095701940100773
cv_first,ehr+ecg,coop,1.0,,292,,0.7503126199408189,0.008850720148844029,-0.05078449033663901
cv_first,ehr+ecg,coop,2.0,,292,,0.7534001287622726,0.02336530530440993,-0.04769698151518531
cv_first,ehr+ecg,coop,5.0,,292,,0.7677868365338186,0.02330994525259775,-0.03331027374363926
cv_first,ehr+ecg,spca,0.05,5.0,292,119.93333333333334,0.7138970397058277,0.010316388675368717,-0.08720007057163015
cv_first,ehr+ecg,spca,0.05,10.0,292,119.93333333333334,0.7243759982171377,0.020027584944375208,-0.07672111206032017
cv_first,ehr+ecg,spca,0.05,20.0,292,119.93333333333334,0.7265426710742983,0.01940083090154312,-0.07455443920315963
cv_first,ehr+ecg,spca,0.1,5.0,292,138.20000000000002,0.7122813208037737,0.008099846912233541,-0.08881578947368418
cv_first,ehr+ecg,spca,0.1,10.0,292,138.20000000000002,0.7282466045141082,0.014869903262318393,-0.07285050576334973
cv_first,ehr+ecg,spca,0.1,20.0,292,138.20000000000002,0.7263383847763375,0.01304515575379947,-0.0747587255011204
cv_first,ehr+ecg,spca,0.25,5.0,292,172.0,0.7130195371986776,0.0051586974682827115,-0.08807757307878028
cv_first,ehr+ecg,spca,0.25,10.0,292,172.0,0.7302585150243286,0.015501882819316876,-0.0708385952531293
cv_first,ehr+ecg,spca,0.25,20.0,292,172.0,0.7182922903589248,0.0189596006465362,-0.08280481991853306
cv_first,ehr+ecg,spca,0.5,5.0,292,219.63333333333333,0.7167230001609529,0.009042362038625447,-0.08437411011650497
cv_first,ehr+ecg,spca,0.5,10.0,292,219.63333333333333,0.7247721898253041,0.01407709906065299,-0.07632492045215378
cv_first,ehr+ecg,spca,0.5,20.0,292,219.63333333333333,0.7152326387599203,0.01713026199145256,-0.08586447151753762
cv_first,ehr+ecg,lol,5.0,5.0,292,,0.7335286434151717,0.009628573413277497,-0.06756846686228624
cv_first,ehr+ecg,lol,10.0,10.0,292,,0.7190165781426043,0.016005868553316368,-0.08208053213485356
cv_first,ehr+ecg,lol,20.0,20.0,292,,0.7004528346271465,0.021549594120796784,-0.10064427565031142
cv_first,ehr+ecg,lol,30.0,30.0,292,,0.7010749792618455,0.02200192078240131,-0.10002213101561241
cv_first,ecg+ctpa,late_wsrc,,,310,,0.7172638945635081,0.012926501130540712,0.0
cv_first,ecg+ctpa,early,,,310,,0.7041361784843194,0.023055258746060285,-0.013127716079188723
cv_first,ecg+ctpa,coop,0.0,,310,,0.7041361784843194,0.023055258746060285,-0.013127716079188723
cv_first,ecg+ctpa,coop,0.2,,310,,0.7094600032190569,0.0205523056779093,-0.0078038913444512525
cv_first,ecg+ctpa,coop,0.5,,310,,0.7049703475343262,0.026914074562885564,-0.01229354702918195
cv_first,ecg+ctpa,coop,1.0,,310,,0.7039287969394198,0.02712674076348765,-0.013335097624088355
cv_first,ecg+ctpa,coop,2.0,,310,,0.7070782106996495,0.02207676758536762,-0.010185683863858652
cv_first,ecg+ctpa,coop,5.0,,310,,0.7072484492812836,0.014465361497198898,-0.010015445282224533
cv_first,ecg+ctpa,spca,0.05,5.0,310,118.03333333333335,0.699569141626119,0.0073161809171338995,-0.01769475293738909
cv_first,ecg+ctpa,spca,0.05,10.0,310,118.03333333333335,0.6889230397801137,0.015470764023371431,-0.02834085478339443
cv_first,ecg+ctpa,spca,0.05,20.0,310,118.03333333333335,0.7026612933179809,0.020629467293965885,-0.014602601245527258
cv_first,ecg+ctpa,spca,0.1,5.0,310,138.0666666666667,0.7016924810261362,0.006642442046660975,-0.015571413537371903
cv_first,ecg+ctpa,spca,0.1,10.0,310,138.0666666666667,0.7025065309710409,0.015753055726262264,-0.014757363592467265
cv_first,ecg+ctpa,spca,0.1,20.0,310,138.0666666666667,0.6996790228924463,0.02004157805722297,-0.01758487167106182
cv_first,ecg+ctpa,spca,0.25,5.0,310,174.96666666666667,0.7047443945077939,0.006763392631981477,-0.012519500055714228
cv_first,ecg+ctpa,spca,0.25,10.0,310,174.96666666666667,0.7009155740444973,0.01445167739589122,-0.016348320519010806
cv_first,ecg+ctpa,spca,0.25,20.0,310,174.96666666666667,0.7025993883792049,0.01682083554908329,-0.014664506184303261
cv_first,ecg+ctpa,spca,0.5,5.0,310,226.5,0.7071555918731196,0.007595944857354871,-0.010108302690388538
cv_first,ecg+ctpa,spca,0.5,10.0,310,226.5,0.7043435600292192,0.013626114410123315,-0.01292033453428898
cv_first,ecg+ctpa,spca,0.5,20.0,310,226.5,0.6963082989760924,0.012042223876209084,-0.020955595587415776
cv_first,ecg+ctpa,lol,5.0,5.0,310,,0.7060382077282125,0.010995242001879964,-0.011225686835295678
cv_first,ecg+ctpa,lol,10.0,10.0,310,,0.6892805408015451,0.020120199551754397,-0.027983353761963037
cv_first,ecg+ctpa,lol,20.0,20.0,310,,0.6786669390483971,0.02135191600303204,-0.038596955515111
cv_first,ecg+ctpa,lol,30.0,30.0,310,,0.6837307630402755,0.02038981285005418,-0.03353313152323267
