outcome,repr,learner,mean,sd,vs_late
death_30d_inhosp,late,l2,0.8834283148016228,0.004155879370137249,0.0
death_30d_inhosp,coop_r0.0,l2,0.842625514913123,0.012201833629894769,-0.040802799888499774
death_30d_inhosp,coop_r0.5,l2,0.8483615696720042,0.012289092729260152,-0.035066745129618604
death_30d_inhosp,coop_r1.0,l2,0.8589230959829033,0.013183588190186972,-0.024505218818719476
death_30d_inhosp,coop_r2.0,l2,0.8706693096292625,0.01370503953755731,-0.012759005172360283
death_30d_inhosp,coop_r5.0,l2,0.8840988633196023,0.005880404087152979,0.0006705485179795412
death_30d_inhosp,raw74,l2,0.8837055161520115,0.004465586071144588,0.00027720135038877824
death_30d_inhosp,raw74,plain,0.8053969089726515,0.014549820159157645,-0.07803140582897128
death_30d_inhosp,raw74,ridge_var,0.8837055161520115,0.004465586071144588,0.00027720135038877824
death_30d_inhosp,raw74,gb,0.8932743828785581,0.012417711757938274,0.009846068076935333
death_30d_inhosp,raw74,rf,0.906606374082448,0.004552904841112465,0.02317805928082528
death_30d_inhosp,raw74,catboost,0.8968361879394184,0.006689886150335977,0.013407873137795678
death_30d_inhosp,pca8,l2,0.9015424164524422,0.0029935974483754836,0.018114101650819392
death_30d_inhosp,pca8,plain,0.9041549230340384,0.004905151371089915,0.020726608232415678
death_30d_inhosp,pca8,ridge_var,0.9003856041131106,0.003330283141157594,0.016957289311487878
death_30d_inhosp,pca8,gb,0.8791928640009911,0.004366324143604255,-0.0042354508006317015
death_30d_inhosp,pca8,rf,0.8835955647783937,0.0029677603615553944,0.00016724997677097786
death_30d_inhosp,pca8,catboost,0.884905689596432,0.004676235679936294,0.0014773747948092497
death_30d_inhosp,spca,l2,0.8966673893517516,0.0034181415601158877,0.013239074550128849
death_30d_inhosp,spca,plain,0.8983352432867717,0.0031697165519086533,0.014906928485148963
death_30d_inhosp,spca,ridge_var,0.8978629169634835,0.002978623333856617,0.014434602161860766
death_30d_inhosp,spca,gb,0.8789094682070182,0.006552073121282431,-0.004518846594604553
death_30d_inhosp,spca,rf,0.8776674822684052,0.011937516336678696,-0.005760832533217575
death_30d_inhosp,spca,catboost,0.8877117725400316,0.004417924570053058,0.00428345773840888
death_30d_inhosp,lol8,l2,0.8888825223774275,0.009657683742832183,0.005454207575804726
death_30d_inhosp,lol8,plain,0.8916793136556509,0.006317522514536262,0.008250998854028135
death_30d_inhosp,lol8,ridge_var,0.8888825223774275,0.009657683742832183,0.005454207575804726
death_30d_inhosp,lol8,gb,0.8818193080806516,0.010514458443137798,-0.0016090067209711956
death_30d_inhosp,lol8,rf,0.8768962740421842,0.006855447431626275,-0.006532040759438584
death_30d_inhosp,lol8,catboost,0.8905132096509432,0.004814044471367269,0.0070848948493204
death_30d_inhosp,cca,l2,0.8815730789481833,0.009270089792760101,-0.0018552358534394964
death_30d_inhosp,cca,plain,0.8829033357078699,0.0031963550230529403,-0.0005249790937528198
death_30d_inhosp,cca,ridge_var,0.8815730789481833,0.009270089792760101,-0.0018552358534394964
death_30d_inhosp,cca,gb,0.874175364697866,0.012353462862311891,-0.009252950103756707
death_30d_inhosp,cca,rf,0.8837488772571003,0.007862564945068259,0.0003205624554775133
death_30d_inhosp,cca,catboost,0.8859881686127544,0.008345623820350194,0.0025598538111316627
death_30d_inhosp,cca_aug,l2,0.8855994672778518,0.009571744281588197,0.00217115247622901
death_30d_inhosp,cca_aug,plain,0.8049756868089324,0.015012232149022763,-0.07845262799269037
death_30d_inhosp,cca_aug,ridge_var,0.8855994672778518,0.009571744281588197,0.00217115247622901
death_30d_inhosp,cca_aug,gb,0.8883327655093382,0.013031572882030554,0.004904450707715391
death_30d_inhosp,cca_aug,rf,0.9095193111778734,0.006573380353966303,0.026090996376250675
death_30d_inhosp,cca_aug,catboost,0.9014711803512251,0.005986506404735288,0.018042865549602327
death_30d,late,l2,0.8822642728205855,0.0026610799449442767,0.0
death_30d,coop_r0.0,l2,0.8595184582168265,0.003915845080947626,-0.022745814603759018
death_30d,coop_r0.5,l2,0.8632614235656391,0.0049427049838104906,-0.01900284925494644
death_30d,coop_r1.0,l2,0.8721781757689449,0.004431942455508045,-0.010086097051640652
death_30d,coop_r2.0,l2,0.8797844476692742,0.0033327978760770726,-0.002479825151311288
death_30d,coop_r5.0,l2,0.8839486072275511,0.002683111923590512,0.001684334406965582
death_30d,raw74,l2,0.8827044915584187,0.004344940101503705,0.00044021873783317567
death_30d,raw74,plain,0.8497973666513291,0.0064314894603068155,-0.032466906169256404
death_30d,raw74,ridge_var,0.8827044915584187,0.004344940101503705,0.00044021873783317567
death_30d,raw74,gb,0.891577000672495,0.006723859697419591,0.009312727851909508
death_30d,raw74,rf,0.8875429157965525,0.003720391350330277,0.0052786429759670295
death_30d,raw74,catboost,0.8951279510140516,0.006663965125647654,0.012863678193466122
death_30d,pca8,l2,0.8795570381906346,0.0030617736167760146,-0.0027072346299509276
death_30d,pca8,plain,0.8804905673733762,0.0022955150689963236,-0.0017737054472093394
death_30d,pca8,ridge_var,0.8789031253318231,0.0026117655291528733,-0.0033611474887623727
death_30d,pca8,gb,0.864465720454465,0.005810982400290322,-0.01779855236612049
death_30d,pca8,rf,0.8697589636498778,0.0025232288006317464,-0.01250530917070769
death_30d,pca8,catboost,0.8764290517821116,0.005419563531343851,-0.005835221038473892
death_30d,spca,l2,0.8595839379888861,0.007684023269767695,-0.0226803348316994
death_30d,spca,plain,0.8591999079743744,0.006800286158692004,-0.023064364846211105
death_30d,spca,ridge_var,0.859260963437511,0.007052368962598104,-0.02300330938307449
death_30d,spca,gb,0.8515830177326302,0.006618749624090529,-0.030681255087955273
death_30d,spca,rf,0.8616040774431033,0.006378679321528043,-0.020660195377482204
death_30d,spca,catboost,0.860827168796234,0.008724218131994262,-0.021437104024351505
death_30d,lol8,l2,0.881335610377659,0.0013190229522450456,-0.0009286624429265533
death_30d,lol8,plain,0.8808029235833363,0.0015443138863857448,-0.0014613492372491654
death_30d,lol8,ridge_var,0.881335610377659,0.0013190229522450456,-0.0009286624429265533
death_30d,lol8,gb,0.8736974834530846,0.005253634075621253,-0.008566789367500882
death_30d,lol8,rf,0.8716578770396064,0.003092690991968849,-0.010606395780979105
death_30d,lol8,catboost,0.8745097865713376,0.005077116085251493,-0.007754486249247905
death_30d,cca,l2,0.8813754291579656,0.005753463762270199,-0.0008888436626198759
death_30d,cca,plain,0.8837433192935263,0.003503152327337413,0.001479046472940837
death_30d,cca,ridge_var,0.8813754291579656,0.005753463762270199,-0.0008888436626198759
death_30d,cca,gb,0.8864527660779385,0.006726984291628346,0.004188493257353043
death_30d,cca,rf,0.8878234169822674,0.006582333607434384,0.005559144161681906
death_30d,cca,catboost,0.8878331504618977,0.005364658927313396,0.005568877641312198
death_30d,cca_aug,l2,0.8831778926131738,0.0026871341733689783,0.000913619792588305
death_30d,cca_aug,plain,0.8497955969277597,0.00643597392586645,-0.03246867589282576
death_30d,cca_aug,ridge_var,0.8831778926131738,0.0026871341733689783,0.000913619792588305
death_30d,cca_aug,gb,0.9044897886950058,0.007273864333976085,0.022225515874420343
death_30d,cca_aug,rf,0.898662088981701,0.002741414413432704,0.016397816161115464
death_30d,cca_aug,catboost,0.898379818072417,0.005192747507616333,0.016115545251831453
composite_30d,late,l2,0.8422654189980063,0.0034966151646154352,0.0
composite_30d,coop_r0.0,l2,0.8288076403627244,0.007280953246848882,-0.01345777863528197
composite_30d,coop_r0.5,l2,0.832241301691427,0.005725953842352595,-0.010024117306579372
composite_30d,coop_r1.0,l2,0.8395240851501704,0.0049454562034231715,-0.002741333847835925
composite_30d,coop_r2.0,l2,0.8422162196925846,0.00357164244622371,-4.919930542168771e-05
composite_30d,coop_r5.0,l2,0.843791883722426,0.00228341365820345,0.0015264647244196405
composite_30d,raw74,l2,0.8424509614766222,0.0067792286334784815,0.00018554247861590767
composite_30d,raw74,plain,0.8240478487362533,0.007667225717964285,-0.01821757026175308
composite_30d,raw74,ridge_var,0.8424509614766222,0.0067792286334784815,0.00018554247861590767
composite_30d,raw74,gb,0.853454241430317,0.005182692106186067,0.011188822432310674
composite_30d,raw74,rf,0.8468428837867388,0.0014288004680837738,0.004577464788732444
composite_30d,raw74,catboost,0.8526792719789054,0.006563504847126803,0.01041385298089903
composite_30d,pca8,l2,0.8331275323171908,0.0008311794112833016,-0.009137886680815499
composite_30d,pca8,plain,0.8334606727120715,0.0017303697909677284,-0.008804746285934861
composite_30d,pca8,ridge_var,0.8332941025146312,0.0014379010644645141,-0.008971316483375125
composite_30d,pca8,gb,0.8194292237442923,0.004710375865623404,-0.022836195253714053
composite_30d,pca8,rf,0.8285683966814587,0.001867068495390023,-0.01369702231654768
composite_30d,pca8,catboost,0.8293748794134672,0.005209825506857226,-0.012890539584539118
composite_30d,spca,l2,0.8252659335005464,0.0026216599640256555,-0.016999485497459887
composite_30d,spca,plain,0.8252414946298797,0.0035582055105977286,-0.01702392436812661
composite_30d,spca,ridge_var,0.8251746092996335,0.0033223993140263945,-0.017090809698372844
composite_30d,spca,gb,0.8178898964563638,0.004665088910779698,-0.024375522541642547
composite_30d,spca,rf,0.8283085728985787,0.0034534056277815564,-0.0139568460994276
composite_30d,spca,catboost,0.8297684738568396,0.0020127299655834565,-0.012496945141166727
composite_30d,lol8,l2,0.841535146954788,0.005102168623220247,-0.0007302720432182941
composite_30d,lol8,plain,0.8412238729178725,0.005397918200696198,-0.0010415460801338483
composite_30d,lol8,ridge_var,0.841535146954788,0.005102168623220247,-0.0007302720432182941
composite_30d,lol8,gb,0.8389028233326903,0.00560913640977288,-0.0033625956653160483
composite_30d,lol8,rf,0.840969194160396,0.0025922220335898366,-0.0012962248376103824
composite_30d,lol8,catboost,0.8387285355971444,0.004725109033283194,-0.00353688340086189
composite_30d,cca,l2,0.8445449868158723,0.003670933711453498,0.0022795678178659795
composite_30d,cca,plain,0.8474699337577979,0.003173683113111684,0.005204514759791556
composite_30d,cca,ridge_var,0.8445449868158723,0.003670933711453498,0.0022795678178659795
composite_30d,cca,gb,0.8389369091259887,0.002762366157557376,-0.0033285098720176043
composite_30d,cca,rf,0.8453058074474242,0.004126300299707956,0.0030403884494178968
composite_30d,cca,catboost,0.8445803588655219,0.0028084261269385323,0.0023149398675155197
composite_30d,cca_aug,l2,0.836486590777542,0.004100727416252159,-0.005778828220464383
composite_30d,cca_aug,plain,0.8240427037108494,0.007687594452042116,-0.01822271528715691
composite_30d,cca_aug,ridge_var,0.836486590777542,0.004100727416252159,-0.005778828220464383
composite_30d,cca_aug,gb,0.8532407228760691,0.007115761851215809,0.010975303878062781
composite_30d,cca_aug,rf,0.8567245482024568,0.0031793057777721265,0.014459129204450472
composite_30d,cca_aug,catboost,0.8530985915492957,0.004470085272926579,0.01083317255128935
cv_first,late,l2,0.8073591549295775,0.011478773699989401,0.0
cv_first,coop_r0.0,l2,0.7135730170496665,0.03128064759624707,-0.09378613787991108
cv_first,coop_r0.5,l2,0.717133061527057,0.02908117842188233,-0.09022609340252052
cv_first,coop_r1.0,l2,0.7408747220163084,0.03181688300076657,-0.06648443291326911
cv_first,coop_r2.0,l2,0.7724981467753893,0.022632843671054986,-0.034861008154188244
cv_first,coop_r5.0,l2,0.792583395107487,0.017651158903657118,-0.014775759822090562
cv_first,raw74,l2,0.7973813936249072,0.015012036780208541,-0.009977761304670318
cv_first,raw74,plain,0.6870088954781319,0.0482158085379339,-0.12035025945144562
cv_first,raw74,ridge_var,0.7973813936249072,0.015012036780208541,-0.009977761304670318
cv_first,raw74,gb,0.7770014825796887,0.014180438292045279,-0.030357672349888842
cv_first,raw74,rf,0.7978984432913269,0.013862249231846297,-0.009460711638250685
cv_first,raw74,catboost,0.7931449221645664,0.02259032474089814,-0.014214232765011103
cv_first,pca8,l2,0.7502816901408451,0.011006597244714736,-0.057077464788732435
cv_first,pca8,plain,0.7464733135656042,0.0126348346537731,-0.06088584136397335
cv_first,pca8,ridge_var,0.746254633061527,0.010838717261336731,-0.0611045218680506
cv_first,pca8,gb,0.716009080800593,0.021105268278980346,-0.09135007412898455
cv_first,pca8,rf,0.7355893254262418,0.013401353548870334,-0.07176982950333577
cv_first,pca8,catboost,0.7081819866567828,0.010315956526893407,-0.09917716827279477
cv_first,spca,l2,0.7704985174203114,0.011155791448171705,-0.03686063750926616
cv_first,spca,plain,0.774560785767235,0.010099459060712385,-0.03279836916234258
cv_first,spca,ridge_var,0.7769866567828021,0.011329961515665484,-0.03037249814677545
cv_first,spca,gb,0.7481402891030393,0.01537880294211814,-0.059218865826538236
cv_first,spca,rf,0.7642828020756116,0.017789139866273316,-0.04307635285396594
cv_first,spca,catboost,0.7658654558932543,0.018179052352339183,-0.04149369903632327
cv_first,lol8,l2,0.7787490733876947,0.012239711348120002,-0.028610081541882826
cv_first,lol8,plain,0.7677483320978502,0.017479083625024778,-0.039610822831727344
cv_first,lol8,ridge_var,0.7787490733876947,0.012239711348120002,-0.028610081541882826
cv_first,lol8,gb,0.777196071163825,0.010942751901285408,-0.030163083765752496
cv_first,lol8,rf,0.7904336545589326,0.008414136190830649,-0.016925500370644997
cv_first,lol8,catboost,0.7749629355077836,0.011396363269256797,-0.03239621942179394
cv_first,cca,l2,0.7901111934766494,0.011741548001798632,-0.017247961452928173
cv_first,cca,plain,0.7785063009636767,0.009184496380959431,-0.02885285396590087
cv_first,cca,ridge_var,0.7901111934766494,0.011741548001798632,-0.017247961452928173
cv_first,cca,gb,0.7571942179392142,0.009779232025411056,-0.050164936990363396
cv_first,cca,rf,0.7964899925871015,0.008661315901826313,-0.010869162342476035
cv_first,cca,catboost,0.7788435878428466,0.01929815942367218,-0.028515567086730975
cv_first,cca_aug,l2,0.7886860637509265,0.020094027428727193,-0.018673091178651013
cv_first,cca_aug,plain,0.6869996293550779,0.048220934198266736,-0.12035952557449969
cv_first,cca_aug,ridge_var,0.7886860637509265,0.020094027428727193,-0.018673091178651013
cv_first,cca_aug,gb,0.7807783543365455,0.01414254397294296,-0.026580800593032028
cv_first,cca_aug,rf,0.812616753150482,0.005056623618019044,0.005257598220904436
cv_first,cca_aug,catboost,0.7963769458858414,0.008678670342385002,-0.010982209043736146
