outcome,direction,unit_drop,md_rate,batch_frac,miss,auc,sd,ehr,gain_vs_ehr
death_30d,I2M,0.8,0.0,0.4,0.0,0.8154481477575034,0.014341802371504966,0.8571045599971874,-0.04165641223968397
death_30d,I2M,0.8,0.1,0.4,0.0,0.8105685054319164,0.008333521710931742,0.8571045599971874,-0.04653605456527099
death_30d,I2M,0.8,0.2,0.4,0.0,0.8140066683073751,0.006151648975908228,0.8571045599971874,-0.04309789168981226
death_30d,I2M,0.8,0.3,0.4,0.0,0.817951692859403,0.008936798760878665,0.8571045599971874,-0.03915286713778443
death_30d,I2M,0.8,0.5,0.4,0.0,0.8208507658592037,0.005133468852107943,0.8571045599971874,-0.036253794137983686
death_30d,I2M,0.8,0.7,0.4,0.0,0.8223186138358588,0.0038343453685116126,0.8571045599971874,-0.034785946161328574
death_30d,I2M,0.8,0.0,1.0,0.0,0.8181934043525647,0.009693704596994288,0.8571045599971874,-0.038911155644622664
death_30d,I2M,0.8,0.1,1.0,0.0,0.825523854726998,0.005746342653276414,0.8571045599971874,-0.03158070527018941
death_30d,I2M,0.8,0.2,1.0,0.0,0.8268598600710192,0.0034243259784824337,0.8571045599971874,-0.030244699926168184
death_30d,I2M,0.8,0.3,1.0,0.0,0.828773043162348,0.003458904396016725,0.8571045599971874,-0.028331516834839365
death_30d,I2M,0.8,0.5,1.0,0.0,0.8356112810416153,0.00864787211649759,0.8571045599971874,-0.02149327895557207
death_30d,I2M,0.8,0.7,1.0,0.0,0.8383257743557291,0.003793963773088451,0.8571045599971874,-0.018778785641458295
death_30d,I2M,0.2,0.0,0.4,0.0,0.7496638012867841,0.022294219155676,0.8571045599971874,-0.10744075871040326
death_30d,I2M,0.2,0.1,0.4,0.0,0.7204914214393701,0.025667475722709835,0.8571045599971874,-0.13661313855781732
death_30d,I2M,0.2,0.2,0.4,0.0,0.7291695965029475,0.011997740808990336,0.8571045599971874,-0.12793496349423983
death_30d,I2M,0.2,0.3,0.4,0.0,0.7294926109529,0.011891482185601198,0.8571045599971874,-0.1276119490442874
death_30d,I2M,0.2,0.5,0.4,0.0,0.7191268501916112,0.008921484615460938,0.8571045599971874,-0.13797770980557622
death_30d,I2M,0.2,0.7,0.4,0.0,0.7369300003515803,0.022935779970599382,0.8571045599971874,-0.12017455964560708
death_30d,I2M,0.2,0.0,1.0,0.0,0.7500725134479486,0.021589578645593424,0.8571045599971874,-0.10703204654923881
death_30d,I2M,0.2,0.1,1.0,0.0,0.7267414946852769,0.027362682759601922,0.8571045599971874,-0.13036306531191044
death_30d,I2M,0.2,0.2,1.0,0.0,0.7406596819369734,0.0073909060401757855,0.8571045599971874,-0.11644487806021397
death_30d,I2M,0.2,0.3,1.0,0.0,0.7527921339755533,0.01739352600968763,0.8571045599971874,-0.10431242602163404
death_30d,I2M,0.2,0.5,1.0,0.0,0.7539362350431859,0.03120949552362262,0.8571045599971874,-0.10316832495400152
death_30d,I2M,0.2,0.7,1.0,0.0,0.7732365315426174,0.023993736942541873,0.8571045599971874,-0.08386802845456998
death_30d,I2M,0.8,0.0,1.0,0.0,0.8190533113009645,0.008262804900495954,0.8571045599971874,-0.038051248696222895
death_30d,I2M,0.8,0.0,1.0,0.25,0.8106432162570756,0.012706171409525173,0.8571045599971874,-0.04646134374011179
death_30d,I2M,0.8,0.0,1.0,0.5,0.821176710145437,0.008012738433816323,0.8571045599971874,-0.03592784985175035
death_30d,I2M,0.8,0.0,1.0,0.75,0.824968650751796,0.02292728106090174,0.8571045599971874,-0.032135909245391336
death_30d,I2M,0.8,0.2,1.0,0.0,0.8254755124283655,0.0035984532593070326,0.8571045599971874,-0.0316290475688219
death_30d,I2M,0.8,0.2,1.0,0.25,0.8197037349552906,0.00613173664783687,0.8571045599971874,-0.03740082504189679
death_30d,I2M,0.8,0.2,1.0,0.5,0.8251927832272732,0.005124178747725041,0.8571045599971874,-0.03191177676991419
death_30d,I2M,0.8,0.2,1.0,0.75,0.8259398914788642,0.014686362111502994,0.8571045599971874,-0.031164668518323224
death_30d,I2M,0.8,0.5,1.0,0.0,0.8356112810416153,0.00864787211649759,0.8571045599971874,-0.02149327895557207
death_30d,I2M,0.8,0.5,1.0,0.25,0.8313044217089148,0.004391646963590637,0.8571045599971874,-0.025800138288272545
death_30d,I2M,0.8,0.5,1.0,0.5,0.8376592366018586,0.007332447678059263,0.8571045599971874,-0.019445323395328784
death_30d,I2M,0.8,0.5,1.0,0.75,0.8389102766937383,0.012435635389894869,0.8571045599971874,-0.018194283303449077
death_30d,M2I,0.8,0.0,0.4,0.0,0.7399780464733264,0.00536722438020708,0.7719883559346399,-0.032010309461313446
death_30d,M2I,0.8,0.1,0.4,0.0,0.7474798700180846,0.006997173500810757,0.7719883559346399,-0.0245084859165553
death_30d,M2I,0.8,0.2,0.4,0.0,0.751317744022234,0.007365208326824894,0.7719883559346399,-0.020670611912405934
death_30d,M2I,0.8,0.3,0.4,0.0,0.7519349096568896,0.004631043251353429,0.7719883559346399,-0.020053446277750298
death_30d,M2I,0.8,0.5,0.4,0.0,0.7491505653432435,0.004494933946116931,0.7719883559346399,-0.022837790591396345
death_30d,M2I,0.8,0.7,0.4,0.0,0.7533276364197827,0.0066239995767489864,0.7719883559346399,-0.01866071951485715
death_30d,M2I,0.8,0.0,1.0,0.0,0.7380009867551197,0.001972650861711883,0.7719883559346399,-0.033987369179520166
death_30d,M2I,0.8,0.1,1.0,0.0,0.7431712463817499,0.006002335980201108,0.7719883559346399,-0.028817109552889963
death_30d,M2I,0.8,0.2,1.0,0.0,0.7535397177809368,0.003922640244233778,0.7719883559346399,-0.018448638153703123
death_30d,M2I,0.8,0.3,1.0,0.0,0.7530698555184635,0.003978239168260761,0.7719883559346399,-0.018918500416176376
death_30d,M2I,0.8,0.5,1.0,0.0,0.7584393296454248,0.005494127034272998,0.7719883559346399,-0.01354902628921506
death_30d,M2I,0.8,0.7,1.0,0.0,0.7633234125399538,0.004003980362339681,0.7719883559346399,-0.008664943394686042
death_30d,M2I,0.2,0.0,0.4,0.0,0.7128203182817683,0.013596939707574307,0.7719883559346399,-0.0591680376528716
death_30d,M2I,0.2,0.1,0.4,0.0,0.707771628305674,0.017977139778492537,0.7719883559346399,-0.06421672762896591
death_30d,M2I,0.2,0.2,0.4,0.0,0.7182321643124748,0.0060314667008762165,0.7719883559346399,-0.05375619162216505
death_30d,M2I,0.2,0.3,0.4,0.0,0.7138241552684027,0.006407364413065947,0.7719883559346399,-0.058164200666237176
death_30d,M2I,0.2,0.5,0.4,0.0,0.7063891062944684,0.004973393365991397,0.7719883559346399,-0.0655992496401715
death_30d,M2I,0.2,0.7,0.4,0.0,0.7040018599269162,0.0063845206302552615,0.7719883559346399,-0.06798649600772366
death_30d,M2I,0.2,0.0,1.0,0.0,0.7088988096822684,0.0068972065233001,0.7719883559346399,-0.06308954625237151
death_30d,M2I,0.2,0.1,1.0,0.0,0.694068643371437,0.020815502462676397,0.7719883559346399,-0.07791971256320285
death_30d,M2I,0.2,0.2,1.0,0.0,0.7061137998413383,0.020888365798055787,0.7719883559346399,-0.06587455609330162
death_30d,M2I,0.2,0.3,1.0,0.0,0.7046829161808317,0.014019724486171791,0.7719883559346399,-0.0673054397538082
death_30d,M2I,0.2,0.5,1.0,0.0,0.6986046554964567,0.018711317720881488,0.7719883559346399,-0.07338370043818321
death_30d,M2I,0.2,0.7,1.0,0.0,0.6988147402757591,0.02264709167089879,0.7719883559346399,-0.07317361565888081
death_30d,M2I,0.8,0.0,1.0,0.0,0.7393444644989998,0.004274203857185435,0.7719883559346399,-0.03264389143564006
death_30d,M2I,0.8,0.0,1.0,0.25,0.7338789326007209,0.008587425996314403,0.7719883559346399,-0.03810942333391898
death_30d,M2I,0.8,0.0,1.0,0.5,0.7277239144362628,0.007270746845698616,0.7719883559346399,-0.04426444149837705
death_30d,M2I,0.8,0.0,1.0,0.75,0.7283208924099719,0.007735326203300464,0.7719883559346399,-0.04366746352466799
death_30d,M2I,0.8,0.2,1.0,0.0,0.7482629737888734,0.00591048901940781,0.7719883559346399,-0.02372538214576647
death_30d,M2I,0.8,0.2,1.0,0.25,0.7514470781577495,0.007067391076857473,0.7719883559346399,-0.02054127777689041
death_30d,M2I,0.8,0.2,1.0,0.5,0.7462195831846988,0.00479254197732256,0.7719883559346399,-0.02576877274994105
death_30d,M2I,0.8,0.2,1.0,0.75,0.746065180854821,0.0063593023476951616,0.7719883559346399,-0.025923175079818894
death_30d,M2I,0.8,0.5,1.0,0.0,0.7584393296454248,0.005494127034272998,0.7719883559346399,-0.01354902628921506
death_30d,M2I,0.8,0.5,1.0,0.25,0.7560139263802593,0.009700660223166083,0.7719883559346399,-0.015974429554380554
death_30d,M2I,0.8,0.5,1.0,0.5,0.7513823001687777,0.007941821963984711,0.7719883559346399,-0.020606055765862163
death_30d,M2I,0.8,0.5,1.0,0.75,0.7499580717811107,0.007319795592424041,0.7719883559346399,-0.022030284153529145
death_30d,M2M,0.8,0.0,0.4,0.0,0.8460532175462036,0.011776544900725303,0.8712512744787823,-0.025198056932578705
death_30d,M2M,0.8,0.1,0.4,0.0,0.8538480469711353,0.007566589217112721,0.8712512744787823,-0.017403227507647
death_30d,M2M,0.8,0.2,0.4,0.0,0.8526336298327649,0.006727541303430242,0.8712512744787823,-0.01861764464601734
death_30d,M2M,0.8,0.3,0.4,0.0,0.8565244524135992,0.005137674681876376,0.8712512744787823,-0.014726822065183054
death_30d,M2M,0.8,0.5,0.4,0.0,0.8578516682487782,0.004274645943417032,0.8712512744787823,-0.013399606230004024
death_30d,M2M,0.8,0.7,0.4,0.0,0.858332161398821,0.004131242916427454,0.8712512744787823,-0.012919113079961297
death_30d,M2M,0.8,0.0,1.0,0.0,0.8462202182142061,0.011828003164443154,0.8712512744787823,-0.025031056264576135
death_30d,M2M,0.8,0.1,1.0,0.0,0.8494708715676969,0.005313352605144862,0.8712512744787823,-0.021780402911085406
death_30d,M2M,0.8,0.2,1.0,0.0,0.8538685558251005,0.005182782042216043,0.8712512744787823,-0.017382718653681795
death_30d,M2M,0.8,0.3,1.0,0.0,0.8588551371749347,0.004170722281297679,0.8712512744787823,-0.012396137303847587
death_30d,M2M,0.8,0.5,1.0,0.0,0.8625320817072741,0.0010198008458636972,0.8712512744787823,-0.008719192771508122
death_30d,M2M,0.8,0.7,1.0,0.0,0.8674673909221952,0.00279936197657968,0.8712512744787823,-0.0037838835565870976
death_30d,M2M,0.2,0.0,0.4,0.0,0.8245350349822452,0.019738929772307994,0.8712512744787823,-0.046716239496537026
death_30d,M2M,0.2,0.1,0.4,0.0,0.8358053826952151,0.010796075166440378,0.8712512744787823,-0.03544589178356716
death_30d,M2M,0.2,0.2,0.4,0.0,0.8363481348662236,0.00769907668779207,0.8712512744787823,-0.03490313961255864
death_30d,M2M,0.2,0.3,0.4,0.0,0.8362770863364156,0.009415643230011482,0.8712512744787823,-0.034974188142366636
death_30d,M2M,0.2,0.5,0.4,0.0,0.8388839081672117,0.012045903220567629,0.8712512744787823,-0.032367366311570556
death_30d,M2M,0.2,0.7,0.4,0.0,0.8408981706102262,0.007033205941726656,0.8712512744787823,-0.030353103868556053
death_30d,M2M,0.2,0.0,1.0,0.0,0.825470385214874,0.020636539396027304,0.8712512744787823,-0.04578088926390822
death_30d,M2M,0.2,0.1,1.0,0.0,0.8262687656013781,0.0067370943833555946,0.8712512744787823,-0.04498250887740418
death_30d,M2M,0.2,0.2,1.0,0.0,0.8267748948188776,0.010884549886119206,0.8712512744787823,-0.0444763796599047
death_30d,M2M,0.2,0.3,1.0,0.0,0.8240867700312907,0.008703935117478979,0.8712512744787823,-0.04716450444749154
death_30d,M2M,0.2,0.5,1.0,0.0,0.826448218073574,0.007979035005808582,0.8712512744787823,-0.04480305640520821
death_30d,M2M,0.2,0.7,1.0,0.0,0.8310905436604203,0.0032946132735989413,0.8712512744787823,-0.04016073081836191
death_30d,M2M,0.8,0.0,1.0,0.0,0.8455126627524053,0.011657735632226019,0.8712512744787823,-0.025738611726376925
death_30d,M2M,0.8,0.0,1.0,0.25,0.8454152456960705,0.013201758221110397,0.8712512744787823,-0.02583602878271174
death_30d,M2M,0.8,0.0,1.0,0.5,0.8455141276705458,0.012151953984483094,0.8712512744787823,-0.025737146808236466
death_30d,M2M,0.8,0.0,1.0,0.75,0.8523904534214628,0.01263052579916368,0.8712512744787823,-0.018860821057319455
death_30d,M2M,0.8,0.2,1.0,0.0,0.8532650095512663,0.0041406944545338545,0.8712512744787823,-0.017986264927515982
death_30d,M2M,0.8,0.2,1.0,0.25,0.8543761499607401,0.0034252172483199323,0.8712512744787823,-0.016875124518042184
death_30d,M2M,0.8,0.2,1.0,0.5,0.8533968521838999,0.003335506660075152,0.8712512744787823,-0.01785442229488232
death_30d,M2M,0.8,0.2,1.0,0.75,0.8575235265853344,0.003953249750306168,0.8712512744787823,-0.013727747893447884
death_30d,M2M,0.8,0.5,1.0,0.0,0.8625320817072741,0.0010198008458636972,0.8712512744787823,-0.008719192771508122
death_30d,M2M,0.8,0.5,1.0,0.25,0.8628477715665248,0.002153452462149598,0.8712512744787823,-0.008403502912257443
death_30d,M2M,0.8,0.5,1.0,0.5,0.8614150816252389,0.0030381998740502594,0.8712512744787823,-0.009836192853543313
death_30d,M2M,0.8,0.5,1.0,0.75,0.8631334306038979,0.0033029513079381803,0.8712512744787823,-0.008117843874884345
death_30d,I2I,0.8,0.0,0.4,0.0,0.7599913392716114,0.004711399653035787,0.7795911177841313,-0.019599778512519817
death_30d,I2I,0.8,0.1,0.4,0.0,0.7634840264578154,0.005507954839485101,0.7795911177841313,-0.016107091326315826
death_30d,I2I,0.8,0.2,0.4,0.0,0.7627435164331997,0.005754215095350055,0.7795911177841313,-0.01684760135093155
death_30d,I2I,0.8,0.3,0.4,0.0,0.7624901723804403,0.007192681228303808,0.7795911177841313,-0.017100945403691004
death_30d,I2I,0.8,0.5,0.4,0.0,0.762662322104557,0.0027621187969078726,0.7795911177841313,-0.016928795679574282
death_30d,I2I,0.8,0.7,0.4,0.0,0.7663870564704337,0.00191315901517377,0.7795911177841313,-0.013204061313697557
death_30d,I2I,0.8,0.0,1.0,0.0,0.7591447885664188,0.005028056530789621,0.7795911177841313,-0.0204463292177125
death_30d,I2I,0.8,0.1,1.0,0.0,0.7674159616514306,0.007876482349441062,0.7795911177841313,-0.012175156132700704
death_30d,I2I,0.8,0.2,1.0,0.0,0.7713243815476792,0.005761444801706885,0.7795911177841313,-0.008266736236452021
death_30d,I2I,0.8,0.3,1.0,0.0,0.7722729797697453,0.0028828442892714114,0.7795911177841313,-0.0073181380143859664
death_30d,I2I,0.8,0.5,1.0,0.0,0.7776739555214806,0.004232194906610686,0.7795911177841313,-0.0019171622626507068
death_30d,I2I,0.8,0.7,1.0,0.0,0.7786580485320242,0.0033260026372816057,0.7795911177841313,-0.0009330692521070105
death_30d,I2I,0.2,0.0,0.4,0.0,0.6967970833932308,0.020669705409183493,0.7795911177841313,-0.0827940343909005
death_30d,I2I,0.2,0.1,0.4,0.0,0.6982494857692519,0.005349770453089739,0.7795911177841313,-0.08134163201487932
death_30d,I2I,0.2,0.2,0.4,0.0,0.6959962322282031,0.007887881488774477,0.7795911177841313,-0.0835948855559282
death_30d,I2I,0.2,0.3,0.4,0.0,0.7053164981551584,0.0062086419662538556,0.7795911177841313,-0.07427461962897286
death_30d,I2I,0.2,0.5,0.4,0.0,0.7008898543471355,0.006596265435914514,0.7795911177841313,-0.0787012634369958
death_30d,I2I,0.2,0.7,0.4,0.0,0.6957932464065962,0.002073770344127991,0.7795911177841313,-0.08379787137753503
death_30d,I2I,0.2,0.0,1.0,0.0,0.6929989191836908,0.021432680052194616,0.7795911177841313,-0.08659219860044043
death_30d,I2I,0.2,0.1,1.0,0.0,0.7058972816316244,0.015292916749669658,0.7795911177841313,-0.07369383615250691
death_30d,I2I,0.2,0.2,1.0,0.0,0.7045447083481968,0.014864994631776368,0.7795911177841313,-0.07504640943593444
death_30d,I2I,0.2,0.3,1.0,0.0,0.7088526664572475,0.015787987743466358,0.7795911177841313,-0.07073845132688372
death_30d,I2I,0.2,0.5,1.0,0.0,0.7138765100814073,0.008988983822010325,0.7795911177841313,-0.06571460770272397
death_30d,I2I,0.2,0.7,1.0,0.0,0.7145469178987796,0.018274406073990744,0.7795911177841313,-0.0650441998853517
death_30d,I2I,0.8,0.0,1.0,0.0,0.7599163565309524,0.0047219586188207594,0.7795911177841313,-0.019674761253178907
death_30d,I2I,0.8,0.0,1.0,0.25,0.7491053094879344,0.01215243884206828,0.7795911177841313,-0.030485808296196848
death_30d,I2I,0.8,0.0,1.0,0.5,0.7396770062985502,0.0015037943536883732,0.7795911177841313,-0.039914111485581105
death_30d,I2I,0.8,0.0,1.0,0.75,0.7530543265485047,0.010207284128814068,0.7795911177841313,-0.026536791235626578
death_30d,I2I,0.8,0.2,1.0,0.0,0.7703309711551602,0.004080259000198362,0.7795911177841313,-0.009260146628971011
death_30d,I2I,0.8,0.2,1.0,0.25,0.7593582009821408,0.010794400070743117,0.7795911177841313,-0.020232916801990464
death_30d,I2I,0.8,0.2,1.0,0.5,0.7505066881055189,0.005412390860834078,0.7795911177841313,-0.029084429678612356
death_30d,I2I,0.8,0.2,1.0,0.75,0.7606011841061436,0.005650552672538897,0.7795911177841313,-0.018989933677987625
death_30d,I2I,0.8,0.5,1.0,0.0,0.7776739555214806,0.004232194906610686,0.7795911177841313,-0.0019171622626507068
death_30d,I2I,0.8,0.5,1.0,0.25,0.7672200747875193,0.005724579127908338,0.7795911177841313,-0.012371042996611958
death_30d,I2I,0.8,0.5,1.0,0.5,0.7590777921531671,0.0015972721367546495,0.7795911177841313,-0.020513325630964196
death_30d,I2I,0.8,0.5,1.0,0.75,0.7681786559188448,0.00437635810492228,0.7795911177841313,-0.011412461865286438
