outcome,method,kind,mean,sd,vs_best,members,weights
death_30d_inhosp,ehr,base,0.8717393721699418,0.014284007387349302,,,
death_30d_inhosp,ecg,base,0.718386747246552,0.0071224522743579466,,,
death_30d_inhosp,ctpa,base,0.7513945026726351,0.020955332731636696,,,
death_30d_inhosp,early,base,0.852217627755064,0.014553342114641883,,,
death_30d_inhosp,pca10,base,0.8984631378055686,0.00332886526415006,,,
death_30d_inhosp,inter,base,0.8339113052338135,0.003337337139406453,,,
death_30d_inhosp,late,base,0.8800585471312165,0.012889075182065312,,,
death_30d_inhosp,all/mean,combo,0.8797598636658676,0.005038320184305308,-0.018703274139701076,ehr+ecg+ctpa+early+pca10+inter+late,
death_30d_inhosp,all/grid,combo,0.8996953687253845,0.0030408347891951524,0.0012322309198158354,ehr+ecg+ctpa+early+pca10+inter+late,[0.1  0.05 0.   0.   0.75 0.   0.1 ]
death_30d_inhosp,all/superlearner,combo,0.8991354988531072,0.0032688983319276903,0.0006723610475385389,ehr+ecg+ctpa+early+pca10+inter+late,[0.   0.   0.   0.   0.87 0.   0.13]
death_30d_inhosp,all/stack,combo,0.8809300304889874,0.007980996254285801,-0.017533107316581198,ehr+ecg+ctpa+early+pca10+inter+late,
death_30d_inhosp,strategies/mean,combo,0.8735857790466438,0.003914965199022811,-0.024877358758924828,early+inter+late,
death_30d_inhosp,strategies/grid,combo,0.8829665086618205,0.008253220514627546,-0.015496629143748164,early+inter+late,[0. 0. 1.]
death_30d_inhosp,strategies/superlearner,combo,0.882744112315327,0.008399984079266386,-0.015719025490241623,early+inter+late,[0.01 0.   0.99]
death_30d_inhosp,strategies/stack,combo,0.8696085048500506,0.009012584293516526,-0.028854632955518045,early+inter+late,
death_30d_inhosp,top3/mean,combo,0.8905913415413101,0.007635614598728759,-0.00787179626425849,pca10+late+ehr,
death_30d_inhosp,top3/grid,combo,0.8992505760323976,0.0032431065598805663,0.0007874382268289182,pca10+late+ehr,[0.9  0.05 0.05]
death_30d_inhosp,top3/superlearner,combo,0.8991354988531072,0.0032688983319276903,0.0006723610475385389,pca10+late+ehr,[0.87 0.13 0.  ]
death_30d_inhosp,top3/stack,combo,0.8883234160078821,0.006766427668411083,-0.010139721797686518,pca10+late+ehr,
death_30d_inhosp,pruned/grid,combo,0.8984631378055686,0.00332886526415006,0.0,pca10+ctpa,
death_30d,ehr,base,0.8644991015274036,0.0028038680603565576,,,
death_30d,ecg,base,0.7185800586371589,0.01287403322449281,,,
death_30d,ctpa,base,0.7910548777604388,0.009505887123339343,,,
death_30d,early,base,0.8654182626377264,0.0064483097859491,,,
death_30d,pca10,base,0.8811917766113396,0.0005449175434899594,,,
death_30d,inter,base,0.8467084574644157,0.008954188041578055,,,
death_30d,late,base,0.8864304038397881,0.0018357004316222403,,,
death_30d,all/mean,combo,0.8855223258618244,0.0025602304430339014,-0.0009080779779636616,ehr+ecg+ctpa+early+pca10+inter+late,
death_30d,all/grid,combo,0.8927293173972668,0.0007633610163676647,0.006298913557478691,ehr+ecg+ctpa+early+pca10+inter+late,[0.25 0.1  0.05 0.   0.5  0.05 0.05]
death_30d,all/superlearner,combo,0.8915434222348324,0.0006935786094012067,0.0051130183950443,ehr+ecg+ctpa+early+pca10+inter+late,[0.   0.   0.   0.   0.44 0.   0.56]
death_30d,all/stack,combo,0.8862427294651724,0.00077437394504143,-0.00018767437461575387,ehr+ecg+ctpa+early+pca10+inter+late,
death_30d,strategies/mean,combo,0.8814422554026576,0.004692058101238818,-0.0049881484371304685,early+inter+late,
death_30d,strategies/grid,combo,0.8874116304913225,0.0024415819444360384,0.0009812266515344392,early+inter+late,[0.   0.05 0.95]
death_30d,strategies/superlearner,combo,0.8869550054381237,0.0022127765426772725,0.0005246015983355612,early+inter+late,[0. 0. 1.]
death_30d,strategies/stack,combo,0.8808592826405638,0.0029608698209620597,-0.005571121199224316,early+inter+late,
death_30d,top3/mean,combo,0.8886241251714191,0.002169456088576142,0.0021937213316309823,late+pca10+early,
death_30d,top3/grid,combo,0.8917975954036033,0.0006315985314973744,0.005367191563815155,late+pca10+early,[0.5 0.5 0. ]
death_30d,top3/superlearner,combo,0.8915434222348324,0.0006935786094012067,0.0051130183950443,late+pca10+early,[0.56 0.44 0.  ]
death_30d,top3/stack,combo,0.8877012696836429,0.0004451833668120548,0.0012708658438548293,late+pca10+early,
death_30d,pruned/grid,combo,0.8864304038397881,0.0018357004316222403,0.0,late+ecg,
composite_30d,ehr,base,0.8335830731205872,0.004631756588644537,,,
composite_30d,ecg,base,0.7350513282397158,0.009915083130490013,,,
composite_30d,ctpa,base,0.7320582103163478,0.005728845951682882,,,
composite_30d,early,base,0.8295399739411301,0.004086004594749607,,,
composite_30d,pca10,base,0.8281704331723182,0.0036277981479360304,,,
composite_30d,inter,base,0.8294991562554714,0.007175487996254768,,,
composite_30d,late,base,0.8495868283476679,0.0017732550334206578,,,
composite_30d,all/mean,combo,0.8516577888200358,0.0010369565573418186,0.0020709604723679886,ehr+ecg+ctpa+early+pca10+inter+late,
composite_30d,all/grid,combo,0.8568824525843503,0.0016846238210084714,0.0072956242366823965,ehr+ecg+ctpa+early+pca10+inter+late,[0.25 0.2  0.05 0.   0.15 0.3  0.05]
composite_30d,all/superlearner,combo,0.8548823859870737,0.0026692778054815867,0.005295557639405812,ehr+ecg+ctpa+early+pca10+inter+late,[0.   0.   0.   0.05 0.11 0.15 0.7 ]
composite_30d,all/stack,combo,0.8504998555268757,0.0029876017280327585,0.0009130271792078259,ehr+ecg+ctpa+early+pca10+inter+late,
composite_30d,strategies/mean,combo,0.8520305187390771,0.0013141689472975472,0.0024436903914092367,early+inter+late,
composite_30d,strategies/grid,combo,0.8546401652471779,0.0021950808653545175,0.005053336899510041,early+inter+late,[0.05 0.3  0.65]
composite_30d,strategies/superlearner,combo,0.8542604533555896,0.002367869227649655,0.004673625007921789,early+inter+late,[0.05 0.16 0.79]
composite_30d,strategies/stack,combo,0.8500315262914232,0.0032322372279904314,0.00044469794375534555,early+inter+late,
composite_30d,top3/mean,combo,0.8481909709131022,0.0013466340972997045,-0.001395857434565606,late+ehr+early,
composite_30d,top3/grid,combo,0.8499407606483137,0.0015581667703308704,0.0003539323006458428,late+ehr+early,[0.85 0.   0.15]
composite_30d,top3/superlearner,combo,0.8497710450079433,0.0016958831777793817,0.00018421666027546024,late+ehr+early,[0.94 0.   0.06]
composite_30d,top3/stack,combo,0.8453514563857657,0.0020074692606842767,-0.004235371961902157,late+ehr+early,
composite_30d,pruned/grid,combo,0.8495975698438937,0.0017875882193781026,1.0741496225818992e-05,late+ctpa,
cv_first,ehr,base,0.8028018175290024,0.0077107683197669375,,,
cv_first,ecg,base,0.6973653258056928,0.009119814065843657,,,
cv_first,ctpa,base,0.6163008084785004,0.006397877668688652,,,
cv_first,early,base,0.7177630031323897,0.020953496538317382,,,
cv_first,pca10,base,0.755175252881675,0.014944482732366447,,,
cv_first,inter,base,0.6998384281097946,0.020691662352901777,,,
cv_first,late,base,0.8064851613861754,0.008325039513274433,,,
cv_first,all/mean,combo,0.7874184402431625,0.017119840548185442,-0.019066721143012888,ehr+ecg+ctpa+early+pca10+inter+late,
cv_first,all/grid,combo,0.8076613552229196,0.008721452973115136,0.001176193836744166,ehr+ecg+ctpa+early+pca10+inter+late,[0.35 0.1  0.   0.   0.1  0.1  0.35]
cv_first,all/superlearner,combo,0.8064712327749509,0.008308990934628007,-1.3928611224511833e-05,ehr+ecg+ctpa+early+pca10+inter+late,[0. 0. 0. 0. 0. 0. 1.]
cv_first,all/stack,combo,0.7851093860268171,0.0138428907784483,-0.021375775359358307,ehr+ecg+ctpa+early+pca10+inter+late,
cv_first,strategies/mean,combo,0.7729976847552896,0.020711384519057987,-0.033487476630885804,early+inter+late,
cv_first,strategies/grid,combo,0.8069742104025059,0.008627735451630583,0.0004890490163305117,early+inter+late,[0.  0.1 0.9]
cv_first,strategies/superlearner,combo,0.8064851613861754,0.008325039513274433,0.0,early+inter+late,[0. 0. 1.]
cv_first,strategies/stack,combo,0.7837970013247656,0.01567298910589363,-0.022688160061409834,early+inter+late,
cv_first,top3/mean,combo,0.8009462169891913,0.011073100893743987,-0.005538944396984102,late+ehr+pca10,
cv_first,top3/grid,combo,0.8067838527157697,0.008530895462106275,0.00029869132959425837,late+ehr+pca10,[0.9 0.1 0. ]
cv_first,top3/superlearner,combo,0.8064712327749509,0.008308990934628007,-1.3928611224511833e-05,late+ehr+pca10,[1. 0. 0.]
cv_first,top3/stack,combo,0.7898513043370601,0.015534898225853987,-0.016633857049115353,late+ehr+pca10,
cv_first,pruned/grid,combo,0.8066089712637274,0.008146142493887511,0.0001238098775520058,late+ctpa,
