outcome,a,b,spearman,err_corr,disagree,yule_q,kappa,joint_miss,auc_a,auc_b,gap
death_30d_inhosp,ehr,ecg,0.4259870099694348,0.5417367938919336,0.33374083129584353,0.5963961320367669,0.32951926873242643,0.024096385542168676,0.8717393721699418,0.718386747246552,0.15335262492338975
death_30d_inhosp,ehr,ctpa,0.38232136049763055,0.502187345929063,0.363080684596577,0.5063793950452663,0.2707357450429776,0.04819277108433735,0.8717393721699418,0.7513945026726351,0.12034486949730672
death_30d_inhosp,ehr,early,0.7474606406818105,0.7834600177627831,0.19682151589242053,0.8854073410922113,0.60328402674334,0.024096385542168676,0.8717393721699418,0.852217627755064,0.01952174441487775
death_30d_inhosp,ehr,pca10,0.7862331730413161,0.8130425667316652,0.1821515892420538,0.9043690836447441,0.6326913775203459,0.024096385542168676,0.8717393721699418,0.8984631378055686,0.02672376563562684
death_30d_inhosp,ehr,inter,0.713425530600906,0.756937802985657,0.20904645476772615,0.8679463872359164,0.5787359186371664,0.012048192771084338,0.8717393721699418,0.8339113052338135,0.03782806693612828
death_30d_inhosp,ehr,late,0.9727122394435904,0.9765130485095791,0.05378973105134474,0.993499898435913,0.8915568812660535,0.060240963855421686,0.8717393721699418,0.8800585471312165,0.008319174961274656
death_30d_inhosp,ecg,ctpa,0.2217216499647117,0.4108784608702154,0.4083129584352078,0.35182199290551436,0.1814179244223062,0.060240963855421686,0.718386747246552,0.7513945026726351,0.03300775542608303
death_30d_inhosp,ecg,early,0.6933119552666649,0.7560534410644748,0.2310513447432763,0.8341312286653536,0.5358781650913447,0.04819277108433735,0.718386747246552,0.852217627755064,0.133830880508512
death_30d_inhosp,ecg,pca10,0.4336076852482894,0.539553462978034,0.3471882640586797,0.5561783636469064,0.3024176899897754,0.012048192771084338,0.718386747246552,0.8984631378055686,0.18007639055901659
death_30d_inhosp,ecg,inter,0.39461193278029455,0.5208033027344481,0.3704156479217604,0.48213886996803396,0.2560232329523709,0.03614457831325301,0.718386747246552,0.8339113052338135,0.11552455798726147
death_30d_inhosp,ecg,late,0.564883042285915,0.6517512120329266,0.2946210268948655,0.7015522380356383,0.4081104167198342,0.024096385542168676,0.718386747246552,0.8800585471312165,0.1616717998846644
death_30d_inhosp,ctpa,early,0.4555190287186975,0.5611295353219783,0.3581907090464548,0.5220844628454493,0.28064169999474753,0.03614457831325301,0.7513945026726351,0.852217627755064,0.10082312508242897
death_30d_inhosp,ctpa,pca10,0.4146273961960773,0.5194222192509913,0.402200488997555,0.37219050056866276,0.1920672351654685,0.012048192771084338,0.7513945026726351,0.8984631378055686,0.14706863513293356
death_30d_inhosp,ctpa,inter,0.3769920906365399,0.5023744852661455,0.3924205378973105,0.4072451276847819,0.21198980242575025,0.04819277108433735,0.7513945026726351,0.8339113052338135,0.08251680256117844
death_30d_inhosp,ctpa,late,0.5248364841001997,0.6158166360261044,0.31784841075794623,0.6415232505811647,0.36158684751237097,0.04819277108433735,0.7513945026726351,0.8800585471312165,0.12866404445858137
death_30d_inhosp,early,pca10,0.8374274622773147,0.8577657048378621,0.18337408312958436,0.9029070482594612,0.6303097775079505,0.024096385542168676,0.852217627755064,0.8984631378055686,0.04624551005050459
death_30d_inhosp,early,inter,0.7707116847444686,0.8054155246146343,0.2139364303178484,0.8605378745961159,0.5689713575971999,0.060240963855421686,0.852217627755064,0.8339113052338135,0.01830632252125053
death_30d_inhosp,early,late,0.8221160470086996,0.8467212418763819,0.16503667481662593,0.9239920838989926,0.6673499603127387,0.024096385542168676,0.852217627755064,0.8800585471312165,0.027840919376152407
death_30d_inhosp,pca10,inter,0.7936190112080997,0.8215817611890263,0.19437652811735942,0.888760016638459,0.6082168961772666,0.024096385542168676,0.8984631378055686,0.8339113052338135,0.06455183257175512
death_30d_inhosp,pca10,late,0.8021966416215999,0.8260613858991354,0.18092909535452323,0.9058597502401537,0.635156536060478,0.024096385542168676,0.8984631378055686,0.8800585471312165,0.018404590674352184
death_30d_inhosp,inter,late,0.7278218824088725,0.7680606688865942,0.2078239608801956,0.8697671483845961,0.5811994512767152,0.012048192771084338,0.8339113052338135,0.8800585471312165,0.046147241897402935
death_30d,ehr,ecg,0.42054134379090863,0.5934958762212732,0.343520782396088,0.5557670087677564,0.2991749547231251,0.006578947368421052,0.8644991015274036,0.7185800586371589,0.1459190428902447
death_30d,ehr,ctpa,0.38086722962901015,0.5424283243786385,0.36674816625916873,0.4794310238546622,0.2514686952861439,0.0,0.8644991015274036,0.7910548777604388,0.0734442237669648
death_30d,ehr,early,0.7810159339187219,0.8274754483070943,0.19682151589242053,0.8817108121428963,0.5946531569519423,0.006578947368421052,0.8644991015274036,0.8654182626377264,0.0009191611103227526
death_30d,ehr,pca10,0.8156405634890219,0.8539111875824896,0.18337408312958436,0.8999457387096488,0.6225103217430362,0.0,0.8644991015274036,0.8811917766113396,0.016692675083936015
death_30d,ehr,inter,0.80775141956059,0.8513729558255713,0.15892420537897312,0.9284948537481409,0.6732644671267306,0.019736842105263157,0.8644991015274036,0.8467084574644157,0.017790644062987915
death_30d,ehr,late,0.9168216640208497,0.9339154097519468,0.11858190709046455,0.9630559018914528,0.7552575246297061,0.0,0.8644991015274036,0.8864304038397881,0.021931302312384493
death_30d,ecg,ctpa,0.2403579407416809,0.4893780185591623,0.421760391198044,0.2867005465528814,0.14494773519163762,0.039473684210526314,0.7185800586371589,0.7910548777604388,0.07247481912327991
death_30d,ecg,early,0.7509330053446214,0.8271983658754917,0.21638141809290953,0.8559553552665374,0.558681525012497,0.03289473684210526,0.7185800586371589,0.8654182626377264,0.14683820400056746
death_30d,ecg,pca10,0.454397408106048,0.6130872026968684,0.33007334963325186,0.5969327303372661,0.32699515495017817,0.019736842105263157,0.7185800586371589,0.8811917766113396,0.16261171797418073
death_30d,ecg,inter,0.42288455036850103,0.598228778614356,0.34596577017114916,0.548643922975504,0.29519686285971763,0.02631578947368421,0.7185800586371589,0.8467084574644157,0.1281283988272568
death_30d,ecg,late,0.5665439248735328,0.6929063560124685,0.293398533007335,0.6977470941819863,0.40074357612497935,0.013157894736842105,0.7185800586371589,0.8864304038397881,0.1678503452026292
death_30d,ctpa,early,0.6112015123015345,0.711042669541064,0.2775061124694376,0.7357608358332471,0.4337771164061499,0.02631578947368421,0.7910548777604388,0.8654182626377264,0.07436338487728755
death_30d,ctpa,pca10,0.6708242233759902,0.7544797073169275,0.25183374083129584,0.7914487849892341,0.48630934598242864,0.039473684210526314,0.7910548777604388,0.8811917766113396,0.09013689885090082
death_30d,ctpa,inter,0.5774849686667299,0.6907372031477497,0.2982885085574572,0.684817823457125,0.39208459987451344,0.03289473684210526,0.7910548777604388,0.8467084574644157,0.055653579703976885
death_30d,ctpa,late,0.677951959172659,0.7589888231451515,0.2628361858190709,0.7689474832223276,0.46292348942459804,0.013157894736842105,0.7910548777604388,0.8864304038397881,0.0953755260793493
death_30d,early,pca10,0.8482626415615966,0.8785824778361808,0.15770171149144255,0.9295798490029454,0.6754946521597402,0.02631578947368421,0.8654182626377264,0.8811917766113396,0.015773513973613262
death_30d,early,inter,0.805767029427618,0.8485943321244492,0.18092909535452323,0.9033283866864532,0.6281726823754884,0.03289473684210526,0.8654182626377264,0.8467084574644157,0.018709805173310667
death_30d,early,late,0.9124276564064611,0.9296305067107485,0.12224938875305623,0.9604989604989606,0.7478032989055033,0.013157894736842105,0.8654182626377264,0.8864304038397881,0.02101214120206174
death_30d,pca10,inter,0.8038740709548652,0.8462796609922433,0.1845965770171149,0.8987004213408238,0.6207870515347443,0.019736842105263157,0.8811917766113396,0.8467084574644157,0.03448331914692393
death_30d,pca10,late,0.9040801152601851,0.9223722299225936,0.1234718826405868,0.9596699002162312,0.7453975063020418,0.013157894736842105,0.8811917766113396,0.8864304038397881,0.005238627228448478
death_30d,inter,late,0.8572067292497758,0.8877472231791307,0.14058679706601468,0.9461346796931349,0.7105021819278519,0.006578947368421052,0.8467084574644157,0.8864304038397881,0.03972194637537241
composite_30d,ehr,ecg,0.5183157463008317,0.7023202483220711,0.31295843520782396,0.6342792326336669,0.3492695099043053,0.0319634703196347,0.8335830731205872,0.7350513282397158,0.09853174488087146
composite_30d,ehr,ctpa,0.400999201460382,0.6305304315469872,0.3422982885085575,0.5491547088538885,0.2911776311208424,0.0273972602739726,0.8335830731205872,0.7320582103163478,0.10152486280423945
composite_30d,ehr,early,0.8194004181772762,0.8765570815537147,0.17114914425427874,0.9122216264842662,0.6396878259351142,0.0502283105022831,0.8335830731205872,0.8295399739411301,0.00404309917945711
composite_30d,ehr,pca10,0.8653291476051012,0.9081767934816734,0.14547677261613692,0.9394727109872186,0.6930044357960702,0.0410958904109589,0.8335830731205872,0.8281704331723182,0.005412639948269016
composite_30d,ehr,inter,0.828181587393442,0.8827565017544474,0.15892420537897312,0.9257760762271262,0.6646266945671354,0.0319634703196347,0.8335830731205872,0.8294991562554714,0.0040839168651157776
composite_30d,ehr,late,0.9639880286485766,0.9750326414732611,0.06968215158924206,0.9881110490304734,0.8526002652347991,0.045662100456621,0.8335830731205872,0.8495868283476679,0.01600375522708064
composite_30d,ecg,ctpa,0.23981825486188724,0.5667686943269317,0.41687041564792177,0.28991957284720676,0.14539613872170032,0.045662100456621,0.7350513282397158,0.7320582103163478,0.0029931179233679828
composite_30d,ecg,early,0.780418570251985,0.8667671454287831,0.22127139364303178,0.843771525523682,0.5410683648751062,0.0593607305936073,0.7350513282397158,0.8295399739411301,0.09448864570141435
composite_30d,ecg,pca10,0.46291315612120626,0.6692212169064747,0.3276283618581907,0.5909267191230081,0.3193376066717484,0.0273972602739726,0.7350513282397158,0.8281704331723182,0.09311910493260245
composite_30d,ecg,inter,0.44488384423616795,0.6578156328797549,0.35207823960880197,0.5123556434916281,0.26854190567710273,0.0182648401826484,0.7350513282397158,0.8294991562554714,0.09444782801575569
composite_30d,ecg,late,0.6321495991738145,0.7718282403091264,0.27383863080684595,0.7370728132702685,0.430132691826227,0.0319634703196347,0.7350513282397158,0.8495868283476679,0.1145355001079521
composite_30d,ctpa,early,0.5708687717972261,0.7373239999348865,0.29706601466992666,0.6822102653747454,0.38622247405076676,0.0410958904109589,0.7320582103163478,0.8295399739411301,0.09748176362478234
composite_30d,ctpa,pca10,0.5990065125045595,0.7551843734164793,0.2885085574572127,0.7044652920237738,0.4030111064896349,0.0365296803652968,0.7320582103163478,0.8281704331723182,0.09611222285597043
composite_30d,ctpa,inter,0.5459824703475673,0.7221613993551181,0.30440097799511,0.6624848821987718,0.3701261250674538,0.0502283105022831,0.7320582103163478,0.8294991562554714,0.09744094593912367
composite_30d,ctpa,late,0.5854005592201417,0.7434950878021196,0.2860635696821516,0.7109231156064207,0.40718304166647296,0.0365296803652968,0.7320582103163478,0.8495868283476679,0.11752861803132009
composite_30d,early,pca10,0.7954573896687157,0.8610955889221434,0.1784841075794621,0.9032088757006564,0.6246639188282455,0.0319634703196347,0.8295399739411301,0.8281704331723182,0.0013695407688119055
composite_30d,early,inter,0.77993940648512,0.8504517287514785,0.20660146699266504,0.8630886003093636,0.5655356320683116,0.0410958904109589,0.8295399739411301,0.8294991562554714,4.081768565866728e-05
composite_30d,early,late,0.9082161933505792,0.9365585405968208,0.12469437652811736,0.9576897974716176,0.7371941357212941,0.0547945205479452,0.8295399739411301,0.8495868283476679,0.02004685440653775
composite_30d,pca10,inter,0.7600720271997884,0.8373245149755153,0.19926650366748166,0.8738920043951975,0.5799835879407591,0.0273972602739726,0.8281704331723182,0.8294991562554714,0.0013287230831532382
composite_30d,pca10,late,0.8956271458644933,0.9280453799311948,0.1271393643031785,0.9554524361948956,0.7313879122666039,0.0365296803652968,0.8281704331723182,0.8495868283476679,0.021416395175349656
composite_30d,inter,late,0.8522869157068591,0.8979973124540215,0.15158924205378974,0.9334019836323234,0.6797317415486431,0.0365296803652968,0.8294991562554714,0.8495868283476679,0.020087672092196418
cv_first,ehr,ecg,0.4893406350499285,0.6024773044990153,0.32283991962491626,0.6267384015393823,0.35120549165414977,0.02631578947368421,0.8028018175290024,0.6973653258056928,0.1054364917233096
cv_first,ehr,ctpa,0.2706634511928661,0.45259131090530885,0.40991292699263226,0.34623414839206895,0.17786047716908948,0.05263157894736842,0.8028018175290024,0.6163008084785004,0.18650100905050193
cv_first,ehr,early,0.5946376254701418,0.6825733661664852,0.2960482250502344,0.6976917349218168,0.4053111476786709,0.05263157894736842,0.8028018175290024,0.7177630031323897,0.08503881439661265
cv_first,ehr,pca10,0.759024624037145,0.8066019479921096,0.2143335565974548,0.8602161403355446,0.5686911053373754,0.02631578947368421,0.8028018175290024,0.755175252881675,0.047626564647327396
cv_first,ehr,inter,0.6653395508053378,0.7412097291938871,0.2451440053583389,0.808596922741349,0.5076744823012996,0.039473684210526314,0.8028018175290024,0.6998384281097946,0.1029633894192078
cv_first,ehr,late,0.9885284660285348,0.9905892902966222,0.04018754186202277,0.996477031144377,0.9190576788583139,0.06578947368421052,0.8028018175290024,0.8064851613861754,0.0036833438571730603
cv_first,ecg,ctpa,0.1295245814644613,0.3741265484692474,0.45679839249832555,0.1683366733466934,0.08458104154791941,0.06578947368421052,0.6973653258056928,0.6163008084785004,0.08106451732719233
cv_first,ecg,early,0.7784187184087188,0.8341877184301579,0.21299397186872068,0.8628899056442579,0.5726945120458504,0.11842105263157894,0.6973653258056928,0.7177630031323897,0.02039767732669695
cv_first,ecg,pca10,0.4046014458547812,0.5445591813899748,0.3362357669122572,0.588511118009378,0.3246024136340043,0.039473684210526314,0.6973653258056928,0.755175252881675,0.057809927075982204
cv_first,ecg,inter,0.2965075199066005,0.4788075776401098,0.3844608171466845,0.43561981772082503,0.22882092611823301,0.09210526315789473,0.6973653258056928,0.6998384281097946,0.002473102304101804
cv_first,ecg,late,0.6045359310044696,0.6920118270138086,0.2853315472203617,0.7231499347152699,0.42649413886384124,0.039473684210526314,0.6973653258056928,0.8064851613861754,0.10911983558048266
cv_first,ctpa,early,0.3596943578058328,0.5372868223230902,0.3710649698593436,0.4819863943739993,0.2565262334720588,0.10526315789473684,0.6163008084785004,0.7177630031323897,0.10146219465388928
cv_first,ctpa,pca10,0.48246764778943085,0.6186817392204024,0.33489618218352313,0.5944938417109723,0.3285022677103592,0.10526315789473684,0.6163008084785004,0.755175252881675,0.13887444440317454
cv_first,ctpa,inter,0.32708948815581224,0.5182313027726849,0.40991292699263226,0.3469342189723982,0.1787649243402013,0.10526315789473684,0.6163008084785004,0.6998384281097946,0.08353761963129414
cv_first,ctpa,late,0.3149531382687645,0.48536469565217416,0.39919624916275953,0.3849903516854128,0.19928083319685486,0.05263157894736842,0.6163008084785004,0.8064851613861754,0.190184352907675
cv_first,early,pca10,0.5304542062238601,0.6386661656314054,0.3134628265237776,0.6528505960164016,0.3705983029167492,0.06578947368421052,0.7177630031323897,0.755175252881675,0.037412249749285253
cv_first,early,inter,0.4199875374788084,0.5678238809692516,0.34695244474212994,0.5575985807277068,0.304245737079893,0.11842105263157894,0.7177630031323897,0.6998384281097946,0.017924575022595146
cv_first,early,late,0.6745609015754261,0.7450077253629492,0.27059611520428667,0.7568821601970773,0.456360837416224,0.06578947368421052,0.7177630031323897,0.8064851613861754,0.08872215825378571
cv_first,pca10,inter,0.4997537236426335,0.6191718648047966,0.3014065639651708,0.6844392278300827,0.3949270598237331,0.05263157894736842,0.755175252881675,0.6998384281097946,0.0553368247718804
cv_first,pca10,late,0.7687095509274865,0.8141273886987389,0.1982585398526457,0.8837445226397557,0.600959298440779,0.039473684210526314,0.755175252881675,0.8064851613861754,0.05130990850450046
cv_first,inter,late,0.6616838047685037,0.7380444795716371,0.2478231748158071,0.8035918197861518,0.5022266035420208,0.039473684210526314,0.6998384281097946,0.8064851613861754,0.10664673327638086
