direction,outcome,scaler,arch,n,ev,auc,cross,gain,lo,hi
I2M,death_30d,std,ehr_only,1649,152,0.8459946208205885,True,,,
I2M,death_30d,std,early,1649,152,0.8326829096790072,True,-0.013199560631523593,-0.03755231103280897,0.010075568610994625
I2M,death_30d,std,late_mean,1649,152,0.8367216889920192,True,-0.00929071123718041,-0.03443627206330794,0.015289523395936607
I2M,death_30d,std,late_wsrc,1649,152,0.8479305101430932,True,0.001940988126577256,-0.017855282006740626,0.02155790843935913
I2M,death_30d,blockstd,ehr_only,1649,152,0.8588932250465844,True,0.012483097037909709,0.0020849332378951235,0.02420431301257825
I2M,death_30d,blockstd,early,1649,152,0.8658193580142742,True,0.019719617153929295,-0.0005957684950799039,0.039648843811972
I2M,death_30d,blockstd,late_mean,1649,152,0.8508727982280351,True,0.00473987756465677,-0.021602107909445882,0.030705017984520556
I2M,death_30d,blockstd,late_wsrc,1649,152,0.8613433006363606,True,0.01518096012207323,-0.0072702854363251275,0.037017803983461196
I2M,death_30d,robust,ehr_only,1649,152,0.8475415743768238,True,0.0014386313800094559,-0.0013556150136084105,0.004454187853068064
I2M,death_30d,robust,early,1649,152,0.8526526737685898,True,0.006822083784764845,-0.009016359936139723,0.023034200014504423
I2M,death_30d,robust,late_mean,1649,152,0.8445333649755652,True,-0.001377771205323759,-0.02560164989269285,0.022859873671499817
I2M,death_30d,robust,late_wsrc,1649,152,0.8539776922265584,True,0.008047186540030251,-0.010629946870603759,0.026740469089740742
I2M,death_30d,quantile,ehr_only,1649,152,0.867208100411349,True,0.020974585118335786,0.005477749467188564,0.03809245421862227
I2M,death_30d,quantile,early,1649,152,0.8719895932215308,True,0.02591922463058099,0.005493929964981603,0.04570028090384765
I2M,death_30d,quantile,late_mean,1649,152,0.8570628098301867,True,0.010999563993452139,-0.014340967882175107,0.03589124960825788
I2M,death_30d,quantile,late_wsrc,1649,152,0.8723257919347467,True,0.026222238233873343,0.006437387260177788,0.045954914343106806
I2M,death_30d,tgtfit,ehr_only,1649,152,0.8454628555356327,True,-0.0005353503729829652,-0.0011543306045678548,-4.943214305375143e-06
I2M,death_30d,tgtfit,early,1649,152,0.8322961712899484,True,-0.013579856570824026,-0.03765493646319704,0.009224152295415991
I2M,death_30d,tgtfit,late_mean,1649,152,0.8371325985303941,True,-0.008871800234187058,-0.03391279388523414,0.015615603437296247
I2M,death_30d,tgtfit,late_wsrc,1649,152,0.8480645501529374,True,0.002086174977441356,-0.01754320910890517,0.021620559795582372
I2M,death_30d,coral,ehr_only,1649,152,0.8326345673803749,True,-0.013136526856449017,-0.021738140584507883,-0.004961533651274105
I2M,death_30d,coral,early,1649,152,0.829320922546848,True,-0.01633424301123899,-0.03931673821400841,0.007655016995392463
I2M,death_30d,coral,late_mean,1649,152,0.8332871884119115,True,-0.012543689383017753,-0.0387899761413778,0.012734257683216168
I2M,death_30d,coral,late_wsrc,1649,152,0.8423667510459516,True,-0.00343351829382307,-0.024147952427277384,0.0178353815006689
I2M,composite_30d,std,ehr_only,1649,219,0.8183191237985759,True,,,
I2M,composite_30d,std,early,1649,219,0.8214260625219529,True,0.002880741534308971,-0.009484080898009017,0.015147808907594337
I2M,composite_30d,std,late_mean,1649,219,0.817800236293387,True,-0.0008074068214196117,-0.018910610322813656,0.01827802149097002
I2M,composite_30d,std,late_wsrc,1649,219,0.8321247245904779,True,0.01360813710288236,0.0030596400589949584,0.024228213283580022
I2M,composite_30d,blockstd,ehr_only,1649,219,0.8236868154676373,True,0.005239187631892621,-0.00027150504553285213,0.011155807191717805
I2M,composite_30d,blockstd,early,1649,219,0.8338218858766804,True,0.015291271382559157,0.00500921216395594,0.026108718891113478
I2M,composite_30d,blockstd,late_mean,1649,219,0.8164639013954083,True,-0.0019928411582862526,-0.021611555174278353,0.01817994688923543
I2M,composite_30d,blockstd,late_wsrc,1649,219,0.8330555289459398,True,0.014573744410500312,0.0029937144698012896,0.027027440958627434
I2M,composite_30d,robust,ehr_only,1649,219,0.8189481751125586,True,0.0005977648588094602,-0.000991454941277786,0.0021705237122298547
I2M,composite_30d,robust,early,1649,219,0.8266915732669157,True,0.008274788779964536,-0.002037359715123796,0.01923428405866039
I2M,composite_30d,robust,late_mean,1649,219,0.8168838011303765,True,-0.001492095274484371,-0.019922615834344452,0.01968917221930103
I2M,composite_30d,robust,late_wsrc,1649,219,0.8318708688571702,True,0.013483116799652521,0.003231648458795014,0.02528584241214675
I2M,composite_30d,quantile,ehr_only,1649,219,0.8310853530031612,True,0.012694042351998456,0.003395057256710621,0.021670916036668115
I2M,composite_30d,quantile,early,1649,219,0.8403007950953157,True,0.021757147281801968,0.01017492628837014,0.0337633876106441
I2M,composite_30d,quantile,late_mean,1649,219,0.8237091675447841,True,0.005311871329433352,-0.014343409620689489,0.025490804311334807
I2M,composite_30d,quantile,late_wsrc,1649,219,0.8418207363412844,True,0.023377643474222255,0.012150695176835393,0.03545047345689386
I2M,composite_30d,tgtfit,ehr_only,1649,219,0.81817862502794,True,-0.0001446012550562099,-0.0006593215694038673,0.0003128728611686087
I2M,composite_30d,tgtfit,early,1649,219,0.8210428840565827,True,0.00249725697705198,-0.010116932833205047,0.014742957035276116
I2M,composite_30d,tgtfit,late_mean,1649,219,0.8172973145575885,True,-0.0013151659703161884,-0.019325235440223954,0.017882366454531836
I2M,composite_30d,tgtfit,late_wsrc,1649,219,0.8318676757032921,True,0.013361215323937048,0.002887091691059762,0.02407502633755176
I2M,composite_30d,coral,ehr_only,1649,219,0.8042500878117316,True,-0.013887105218213533,-0.02135726318604751,-0.006702225592211103
I2M,composite_30d,coral,early,1649,219,0.8119775201966983,True,-0.006351597663667819,-0.02114817528808356,0.008361327924099035
I2M,composite_30d,coral,late_mean,1649,219,0.8077513810390523,True,-0.010656576502700741,-0.03119279841916112,0.010618744472358761
I2M,composite_30d,coral,late_wsrc,1649,219,0.8204601334738321,True,0.002146132272357398,-0.010790887347281787,0.015325001869548298
I2M,cv_first,std,ehr_only,1506,76,0.8003496503496503,True,,,
I2M,cv_first,std,early,1506,76,0.8053551711446448,True,0.004972763195689138,-0.010971355634428578,0.0229258077324449
I2M,cv_first,std,late_mean,1506,76,0.7574162679425838,True,-0.042967566805977825,-0.08218962878354075,-0.002297060131780967
I2M,cv_first,std,late_wsrc,1506,76,0.8006394920868606,True,0.00026356189266555784,-0.009401716513146372,0.010562262851052093
I2M,cv_first,blockstd,ehr_only,1506,76,0.806302907618697,True,0.006035753017375013,-0.007704100600901783,0.019708219563017226
I2M,cv_first,blockstd,early,1506,76,0.8098546190651453,True,0.009460596533393059,-0.005581619116580491,0.024900062291839213
I2M,cv_first,blockstd,late_mean,1506,76,0.7674871181450129,True,-0.03317276152095876,-0.06964953973721832,0.006388973983416044
I2M,cv_first,blockstd,late_wsrc,1506,76,0.8076509017298492,True,0.007280858260805269,-0.009001951942678327,0.022191684749225643
I2M,cv_first,robust,ehr_only,1506,76,0.8006900993743099,True,0.00027693452434402556,-0.003375887044251594,0.003788479351169965
I2M,cv_first,robust,early,1506,76,0.8048122929701877,True,0.004248697234407095,-0.009036084620331855,0.01887215630090662
I2M,cv_first,robust,late_mean,1506,76,0.7660379094589621,True,-0.03481504826090071,-0.07058160967066669,0.0054315654572714926
I2M,cv_first,robust,late_wsrc,1506,76,0.8033032756716968,True,0.002779258220147765,-0.0073873655574670325,0.012986993048197313
I2M,cv_first,quantile,ehr_only,1506,76,0.8084284136915715,True,0.008183753160466122,-0.0020331464932627384,0.018632585634046316
I2M,cv_first,quantile,early,1506,76,0.8154858299595141,True,0.015014199138888898,0.001775242232422306,0.03049951972265567
I2M,cv_first,quantile,late_mean,1506,76,0.7701739050423261,True,-0.030566940573915877,-0.06796743350768981,0.010846650206090628
I2M,cv_first,quantile,late_wsrc,1506,76,0.8100524475524474,True,0.009657027467335695,-0.0030490047271253314,0.022155651286523116
I2M,cv_first,tgtfit,ehr_only,1506,76,0.8001564225248435,True,-0.00018967969855882683,-0.0010338316387296155,0.0006663092838246424
I2M,cv_first,tgtfit,early,1506,76,0.805668016194332,True,0.005286263995155535,-0.011253571862337193,0.023995887515085995
I2M,cv_first,tgtfit,late_mean,1506,76,0.758018954729481,True,-0.042330466813708896,-0.0807876998263818,-0.0018737363014524845
I2M,cv_first,tgtfit,late_wsrc,1506,76,0.800726904674273,True,0.0003646186153246629,-0.009687606005963167,0.0105621393475307
I2M,cv_first,coral,ehr_only,1506,76,0.790172984909827,True,-0.009870624452245687,-0.022787233621318546,0.0020709283137562064
I2M,cv_first,coral,early,1506,76,0.7992546926757452,True,-0.0009158482759080655,-0.020835683636349765,0.020151415439745416
I2M,cv_first,coral,late_mean,1506,76,0.7548444976076555,True,-0.045390524188091294,-0.08283705160678567,-0.005524205174807461
I2M,cv_first,coral,late_wsrc,1506,76,0.7922064777327935,True,-0.007833877296709795,-0.023193591972848183,0.0073264840432024055
M2I,death_30d,std,ehr_only,3300,246,0.773351355812183,True,,,
M2I,death_30d,std,early,3300,246,0.7797091379558196,True,0.006533569144128002,-0.006601318578324439,0.02118510178491631
M2I,death_30d,std,late_mean,3300,246,0.7927335069028489,True,0.019653340457685766,8.981440566082915e-05,0.040695503909052216
M2I,death_30d,std,late_wsrc,3300,246,0.7980084761554885,True,0.02479978764497291,0.014119749656512864,0.03625223690973962
M2I,death_30d,blockstd,ehr_only,3300,246,0.7588069225485968,True,-0.014609380763595142,-0.026184801987086326,-0.0039330411243099295
M2I,death_30d,blockstd,early,3300,246,0.7833535653627657,True,0.010145093972841284,-0.004475170554574801,0.025996438670840047
M2I,death_30d,blockstd,late_mean,3300,246,0.7860010328983448,True,0.01304443497182408,-0.007448390161251514,0.034538738193742376
M2I,death_30d,blockstd,late_wsrc,3300,246,0.7861461178462472,True,0.012975318494302005,-0.000608955096208921,0.027398627064074567
M2I,death_30d,robust,ehr_only,3300,246,0.7757712130166489,True,0.0024004961529806262,-0.0013839596283987453,0.006108977993014458
M2I,death_30d,robust,early,3300,246,0.7901499299865297,True,0.016930202148472663,0.006968562030440151,0.027206862880524384
M2I,death_30d,robust,late_mean,3300,246,0.7981395850304278,True,0.025229057900738712,0.004916036545961406,0.04701032904725144
M2I,death_30d,robust,late_wsrc,3300,246,0.7992842919588331,True,0.026124476140998228,0.016867320894555442,0.03566973001275547
M2I,death_30d,quantile,ehr_only,3300,246,0.7642203214762991,True,-0.009138884408266434,-0.023746376080989142,0.0039332108869420375
M2I,death_30d,quantile,early,3300,246,0.7870392554613169,True,0.01386316161373591,-0.00508081731432716,0.032332530730519955
M2I,death_30d,quantile,late_mean,3300,246,0.7877546972915702,True,0.014841108978349015,-0.008893342611645951,0.03897912343439439
M2I,death_30d,quantile,late_wsrc,3300,246,0.7876229228893468,True,0.014446382280831888,-0.0027369830351077567,0.030511422380699024
M2I,death_30d,tgtfit,ehr_only,3300,246,0.7727563744203257,True,-0.0005916027036366402,-0.002601000967779904,0.0012198463926422348
M2I,death_30d,tgtfit,early,3300,246,0.7811906016899068,True,0.008018694934535836,-0.005159793484543912,0.02264965755508599
M2I,death_30d,tgtfit,late_mean,3300,246,0.7930749223995188,True,0.020017357406099702,0.0007349307234802094,0.040856355383989046
M2I,death_30d,tgtfit,late_wsrc,3300,246,0.797649756949436,True,0.02444277166618908,0.013836096539887682,0.03587323965652863
M2I,death_30d,coral,ehr_only,3300,246,0.7623275618807268,True,-0.010960074613958978,-0.01857201484334632,-0.0035595149915015984
M2I,death_30d,coral,early,3300,246,0.7704662950362313,True,-0.002696717674287927,-0.018618531027303622,0.014171560931917114
M2I,death_30d,coral,late_mean,3300,246,0.786408335596126,True,0.013413575833581359,-0.006995716244019135,0.03625496456712564
M2I,death_30d,coral,late_wsrc,3300,246,0.7889746088030625,True,0.015818412962575107,0.0029854678255398976,0.029210024253427853
M2I,composite_30d,std,ehr_only,3300,505,0.7359180998600754,True,,,
M2I,composite_30d,std,early,3300,505,0.7341256487008271,True,-0.0016738472232105134,-0.014209743284358613,0.010402805787961293
M2I,composite_30d,std,late_mean,3300,505,0.7365550222285199,True,0.0006423765902684185,-0.016197913000285814,0.017884308520406553
M2I,composite_30d,std,late_wsrc,3300,505,0.7490699445615403,True,0.013154047077903852,0.005899831579581349,0.020630885662007874
M2I,composite_30d,blockstd,ehr_only,3300,505,0.7397077525283834,True,0.003854040771391357,-0.003908057123848066,0.01171383492716088
M2I,composite_30d,blockstd,early,3300,505,0.7499410191466374,True,0.014168911162884807,0.0024218787460801193,0.02566750996652674
M2I,composite_30d,blockstd,late_mean,3300,505,0.737361271010822,True,0.0015809712201010336,-0.015505108778356081,0.01904997081457565
M2I,composite_30d,blockstd,late_wsrc,3300,505,0.7505620007439027,True,0.014728022844189606,0.004518564126955338,0.024467434432280034
M2I,composite_30d,robust,ehr_only,3300,505,0.7361696098053454,True,0.00020172677659583538,-0.00256945542876664,0.0031083198279858253
M2I,composite_30d,robust,early,3300,505,0.7433280787828336,True,0.007378267525094176,-0.0021415459903729507,0.016975732881636976
M2I,composite_30d,robust,late_mean,3300,505,0.7345950158522113,True,-0.0013233405571459289,-0.017860672393862156,0.01581941867224374
M2I,composite_30d,robust,late_wsrc,3300,505,0.7474974760445633,True,0.011532872537120705,0.0034354215948944446,0.019440227145623906
M2I,composite_30d,quantile,ehr_only,3300,505,0.740246904833596,True,0.004445693137711171,-0.006124774463644284,0.01452908064739859
M2I,composite_30d,quantile,early,3300,505,0.7499289750084132,True,0.014161416943218187,0.00011344164592964617,0.02822958707650493
M2I,composite_30d,quantile,late_mean,3300,505,0.7349184363874669,True,-0.0008448845470868495,-0.019355048881360463,0.018580670995090996
M2I,composite_30d,quantile,late_wsrc,3300,505,0.7494213500061991,True,0.013621776626481601,0.002008905819767218,0.025537300666212362
M2I,composite_30d,tgtfit,ehr_only,3300,505,0.7350707593120672,True,-0.0008388259391348274,-0.0021880954920122098,0.0005404792940597394
M2I,composite_30d,tgtfit,early,3300,505,0.7341128960838837,True,-0.001681978991522994,-0.01392218029454067,0.010559129095144348
M2I,composite_30d,tgtfit,late_mean,3300,505,0.7357292902814432,True,-0.0001855671137959516,-0.01701471554893935,0.0167318317853148
M2I,composite_30d,tgtfit,late_wsrc,3300,505,0.7480511521635169,True,0.012138496857002266,0.004842133324108769,0.019403823575797986
M2I,composite_30d,coral,ehr_only,3300,505,0.7265846012150411,True,-0.00936348246991262,-0.0147904802276139,-0.003840596552934404
M2I,composite_30d,coral,early,3300,505,0.7256451584335535,True,-0.01017144679145391,-0.02326175064402944,0.0034321323536091295
M2I,composite_30d,coral,late_mean,3300,505,0.7275970173045927,True,-0.00831118676810689,-0.02455747734993476,0.008723868120389208
M2I,composite_30d,coral,late_wsrc,3300,505,0.7390286756761544,True,0.003082240596346805,-0.005704879098105656,0.012013266855560884
M2I,cv_first,std,ehr_only,3083,288,0.7619701600079506,True,,,
M2I,cv_first,std,early,3083,288,0.707619012124826,True,-0.054413159326122805,-0.07727814315131484,-0.030224275821259243
M2I,cv_first,std,late_mean,3083,288,0.698848389982111,True,-0.06305725613828328,-0.08752245623255703,-0.03978579723025086
M2I,cv_first,std,late_wsrc,3083,288,0.7388404392764857,True,-0.023183016816198408,-0.03816211119614665,-0.008744251595500614
M2I,cv_first,blockstd,ehr_only,3083,288,0.770354427549195,True,0.008472035664599104,-0.00216928449475606,0.019311564047950733
M2I,cv_first,blockstd,early,3083,288,0.7610626614987082,True,-0.0008653627765932353,-0.01714936905785793,0.014183088979823032
M2I,cv_first,blockstd,late_mean,3083,288,0.7194046909163189,True,-0.04263722663399659,-0.06959148203852543,-0.01810140103919221
M2I,cv_first,blockstd,late_wsrc,3083,288,0.7635211687537269,True,0.0014825505816123182,-0.013886586682012883,0.015935783568136824
M2I,cv_first,robust,ehr_only,3083,288,0.7534156976744186,True,-0.008614599000300389,-0.016038476307994137,-0.0016219267753316685
M2I,cv_first,robust,early,3083,288,0.7474669548797456,True,-0.01458541052113015,-0.028263458251082604,-0.0013934535112920675
M2I,cv_first,robust,late_mean,3083,288,0.7089060325978931,True,-0.053197730354137156,-0.0777934087652074,-0.030824835926622943
M2I,cv_first,robust,late_wsrc,3083,288,0.7518267988471476,True,-0.010307859434505512,-0.021055068667322284,0.00017319982685424942
M2I,cv_first,quantile,ehr_only,3083,288,0.7817003329357981,True,0.01983338617658926,0.00835753306551586,0.030988604135624945
M2I,cv_first,quantile,early,3083,288,0.7659858874975154,True,0.004203567259951922,-0.011819430912030542,0.01965115469618067
M2I,cv_first,quantile,late_mean,3083,288,0.7267485340886505,True,-0.035057566780940706,-0.06061202011328658,-0.010770860579279527
M2I,cv_first,quantile,late_wsrc,3083,288,0.7786032846352614,True,0.01668179935887239,0.002706118518225123,0.02948830821811719
M2I,cv_first,tgtfit,ehr_only,3083,288,0.7628198916716359,True,0.0008104975637553849,-0.0010991901951691696,0.0026850854087115154
M2I,cv_first,tgtfit,early,3083,288,0.7111558338302524,True,-0.05090186349067656,-0.0721546854670375,-0.02864519787838286
M2I,cv_first,tgtfit,late_mean,3083,288,0.6996229626316837,True,-0.062309333923701644,-0.08572270466166311,-0.03952252514581196
M2I,cv_first,tgtfit,late_wsrc,3083,288,0.7392702742993441,True,-0.022793033378646264,-0.03710434992107346,-0.008478817070852001
M2I,cv_first,coral,ehr_only,3083,288,0.7587650318028225,True,-0.0032781899791097125,-0.00858941568546778,0.0015091586953521075
M2I,cv_first,coral,early,3083,288,0.6964035480023852,True,-0.06563648597724592,-0.09140588579893337,-0.040316565958053295
M2I,cv_first,coral,late_mean,3083,288,0.6950332935798051,True,-0.06690679323010355,-0.09063451323551308,-0.04362473753559296
M2I,cv_first,coral,late_wsrc,3083,288,0.7345383621546413,True,-0.027505807172469112,-0.04279886366446304,-0.01223322689580654
M2M,death_30d,std,ehr_only,1649,152,0.8724796083394859,False,,,
M2M,death_30d,std,early,1649,152,0.8750263685265268,False,0.0026577618045051754,-0.013393005407923608,0.017961607288513814
M2M,death_30d,std,late_mean,1649,152,0.8678563266884647,False,-0.004667337084084341,-0.028497845431365885,0.01781432155377417
M2M,death_30d,std,late_wsrc,1649,152,0.8841718524768836,False,0.011664851910901938,-0.0013352682126408248,0.024532546650139233
M2M,death_30d,blockstd,ehr_only,1649,152,0.8650502759905777,False,-0.007669397487030297,-0.01931072055800178,0.004784653278498172
M2M,death_30d,blockstd,early,1649,152,0.8803659951481911,False,0.007855575607719751,-0.00786827155091882,0.024204874160280863
M2M,death_30d,blockstd,late_mean,1649,152,0.8661995042717012,False,-0.006389509747449391,-0.03202439732580666,0.018937809699532463
M2M,death_30d,blockstd,late_wsrc,1649,152,0.8756789895580636,False,0.003047236899962505,-0.013822578397920329,0.019819008275853384
M2M,death_30d,robust,ehr_only,1649,152,0.8693483458144359,False,-0.003223156054073498,-0.007952313916787971,0.0016661046736389294
M2M,death_30d,robust,early,1649,152,0.879218964244278,False,0.006916777042012206,-0.0031258459419442465,0.017326975931085963
M2M,death_30d,robust,late_mean,1649,152,0.8648788805681538,False,-0.007524579834892229,-0.030853241363840416,0.015870704360226393
M2M,death_30d,robust,late_wsrc,1649,152,0.8811416693035192,False,0.008661287894982933,-0.0029442624280352878,0.019818053907391678
M2M,death_30d,quantile,ehr_only,1649,152,0.8777928664346236,False,0.005332494770429775,-0.00660439071725826,0.01748624564146869
M2M,death_30d,quantile,early,1649,152,0.8854375417501671,False,0.013010269220396104,-0.00198121096024135,0.030333372603316738
M2M,death_30d,quantile,late_mean,1649,152,0.8684144604999473,False,-0.003986957973635934,-0.02851245999670167,0.022950646817994403
M2M,death_30d,quantile,late_wsrc,1649,152,0.8861209260626516,False,0.013657575452313244,-0.0009634316094505129,0.030261489114061697
M2M,death_30d,tgtfit,ehr_only,1649,152,0.8726927539289104,False,0.0002060975418147799,-0.0011807292809200315,0.0016333379186244663
M2M,death_30d,tgtfit,early,1649,152,0.8750527370530535,False,0.002692319788942627,-0.013103480567708043,0.017187629528522676
M2M,death_30d,tgtfit,late_mean,1649,152,0.8682035122877334,False,-0.004314769143350976,-0.02757560083487823,0.01850118581043522
M2M,death_30d,tgtfit,late_wsrc,1649,152,0.8840773652568295,False,0.01157647340517854,-0.001140052840025632,0.02463980139588739
M2M,death_30d,coral,ehr_only,1649,152,0.8709656154414092,False,-0.001644148537325877,-0.007531283626736048,0.003928795411364641
M2M,death_30d,coral,early,1649,152,0.8703723235945576,False,-0.0021062651916215393,-0.020318845286819508,0.014073591101143198
M2M,death_30d,coral,late_mean,1649,152,0.8685924480540026,False,-0.004011556884820706,-0.027317525103530332,0.018613607331894218
M2M,death_30d,coral,late_wsrc,1649,152,0.8819041591955842,False,0.00927546469022163,-0.004563450897248367,0.02287154978203455
M2M,composite_30d,std,ehr_only,1649,219,0.834744707347447,False,,,
M2M,composite_30d,std,early,1649,219,0.8227927323817734,False,-0.011751551434463037,-0.027758049436751114,0.0037864625390312536
M2M,composite_30d,std,late_mean,1649,219,0.8164734808570425,False,-0.01824345030346084,-0.038336377185381326,0.0005050167609049679
M2M,composite_30d,std,late_wsrc,1649,219,0.8379634064565571,False,0.003227527796617458,-0.007718931366466402,0.013967774819794205
M2M,composite_30d,blockstd,ehr_only,1649,219,0.8324807612478844,False,-0.0026126021581710283,-0.011950036565272968,0.006577658154042076
M2M,composite_30d,blockstd,early,1649,219,0.8389117731583485,False,0.0038205298951045578,-0.009009949619162618,0.01656162638531066
M2M,composite_30d,blockstd,late_mean,1649,219,0.8187470064182394,False,-0.016330871733226116,-0.03747828027940667,0.004331390187459245
M2M,composite_30d,blockstd,late_wsrc,1649,219,0.8370070568700705,False,0.0019189556146796361,-0.010700621821203285,0.01419467851190142
M2M,composite_30d,robust,ehr_only,1649,219,0.8320209470894402,False,-0.0028143177845921345,-0.006531622565765241,0.0009859567416115702
M2M,composite_30d,robust,early,1649,219,0.8357888686655809,False,0.0010299962731328538,-0.008338035224716423,0.011422057511877606
M2M,composite_30d,robust,late_mean,1649,219,0.8177427595235814,False,-0.01707240205768643,-0.037053658815812705,0.0024966897757604514
M2M,composite_30d,robust,late_wsrc,1649,219,0.8382779321135485,False,0.0034671376557948446,-0.006066635684525018,0.013119520941014765
M2M,composite_30d,quantile,ehr_only,1649,219,0.8414934380687805,False,0.006697935694809894,-0.0027088034017396898,0.01617962648636935
M2M,composite_30d,quantile,early,1649,219,0.8428489318900276,False,0.00808396879445457,-0.005512274148339516,0.02215593295608544
M2M,composite_30d,quantile,late_mean,1649,219,0.82143085225277,False,-0.013318976472345615,-0.034222842331863415,0.008190604937102126
M2M,composite_30d,quantile,late_wsrc,1649,219,0.8430101861608711,False,0.008237296295105917,-0.004380184462200729,0.02088102269497837
M2M,composite_30d,tgtfit,ehr_only,1649,219,0.8348756266564485,False,0.00011811305015784768,-0.001287957512522747,0.0014992184360572505
M2M,composite_30d,tgtfit,early,1649,219,0.8217166395248586,False,-0.012829233001745115,-0.029430006832916637,0.0029667149237670174
M2M,composite_30d,tgtfit,late_mean,1649,219,0.8153526838458345,False,-0.01935395051699799,-0.039867537354660025,-0.000430583248776731
M2M,composite_30d,tgtfit,late_wsrc,1649,219,0.8372257879107194,False,0.0024829978126780098,-0.008426214054414936,0.013416390720818024
M2M,composite_30d,coral,ehr_only,1649,219,0.8318070057796085,False,-0.0029882391584170266,-0.008083599872680591,0.0015591406083124953
M2M,composite_30d,coral,early,1649,219,0.8155283073091292,False,-0.018924740710904955,-0.03524790123043427,-0.0027681845381569274
M2M,composite_30d,coral,late_mean,1649,219,0.812606571510681,False,-0.02209129597259193,-0.04270485393321199,-0.0024809409447157068
M2M,composite_30d,coral,late_wsrc,1649,219,0.8341284286489766,False,-0.0006213820322582207,-0.012469268013537736,0.011233184712366045
M2M,cv_first,std,ehr_only,1506,76,0.7750782112624218,False,,,
M2M,cv_first,std,early,1506,76,0.7592105263157896,False,-0.015851587120418575,-0.06274929968418924,0.02350805169340902
M2M,cv_first,std,late_mean,1506,76,0.7672202797202797,False,-0.008001269507730783,-0.05066043439645971,0.030332461753943253
M2M,cv_first,std,late_wsrc,1506,76,0.7844865660655134,False,0.009281411941319312,-0.01747807051613035,0.03348950797751169
M2M,cv_first,blockstd,ehr_only,1506,76,0.7979020979020979,False,0.023383795835018987,0.00018186292230487936,0.05039680568757751
M2M,cv_first,blockstd,early,1506,76,0.7790117776959882,False,0.003946372694101209,-0.025528133951895494,0.032960542914658685
M2M,cv_first,blockstd,late_mean,1506,76,0.7761961722488039,False,0.0007778938558705244,-0.041313024976239454,0.04552972261645651
M2M,cv_first,blockstd,late_wsrc,1506,76,0.8030318365844682,False,0.028075559523680935,-0.0007728483766510582,0.0584204446120441
M2M,cv_first,robust,ehr_only,1506,76,0.7617224880382772,False,-0.013599098759407763,-0.029913791527663443,0.00200364012322783
M2M,cv_first,robust,early,1506,76,0.7528432094221568,False,-0.022897728194497098,-0.05072395775128943,0.0019264284179791797
M2M,cv_first,robust,late_mean,1506,76,0.7461032388663968,False,-0.02999454383834602,-0.068658651384367,0.011368405239742689
M2M,cv_first,robust,late_wsrc,1506,76,0.7672846889952153,False,-0.008416847745089029,-0.03227342413362745,0.013714341600534809
M2M,cv_first,quantile,ehr_only,1506,76,0.799802171512698,False,0.025523240144825845,0.0005928397087959726,0.050102639873931584
M2M,cv_first,quantile,early,1506,76,0.7865384615384615,False,0.011655801132995674,-0.019317185049674397,0.04115068133305913
M2M,cv_first,quantile,late_mean,1506,76,0.7704085388295914,False,-0.004994699177957441,-0.04577302847840443,0.038170863705280736
M2M,cv_first,quantile,late_wsrc,1506,76,0.8012651821862348,False,0.026553542210535953,-0.0009127196717587019,0.05575843858110699
M2M,cv_first,tgtfit,ehr_only,1506,76,0.7743006993006993,False,-0.0007562111906187334,-0.002627467052431454,0.001043052276914402
M2M,cv_first,tgtfit,early,1506,76,0.7610139860139861,False,-0.014106125601588361,-0.05860390625870696,0.02247519774755586
M2M,cv_first,tgtfit,late_mean,1506,76,0.7660471107839529,False,-0.009201924038507617,-0.05144858897956906,0.028250468840260955
M2M,cv_first,tgtfit,late_wsrc,1506,76,0.7852364740522635,False,0.009906755051291474,-0.014965106618677409,0.03309177092589733
M2M,cv_first,coral,ehr_only,1506,76,0.7820436142804564,False,0.007218234551335771,-0.000194314603972906,0.015055018892537377
M2M,cv_first,coral,early,1506,76,0.7678597718071403,False,-0.00704162036557785,-0.05318605135144189,0.03205454674516827
M2M,cv_first,coral,late_mean,1506,76,0.7732333456017667,False,-0.0018161854246029458,-0.04549563128512833,0.03827336008467434
M2M,cv_first,coral,late_wsrc,1506,76,0.790692859771807,False,0.015690737423012947,-0.01224264134347899,0.04150469837830603
I2I,death_30d,std,ehr_only,3300,246,0.779259907039149,False,,,
I2I,death_30d,std,early,3300,246,0.7995378578540205,False,0.020673911079752506,0.0027775598507751528,0.04035929241008076
I2I,death_30d,std,late_mean,3300,246,0.7920200616544476,False,0.013303469285872286,-0.007028923221190536,0.035460943228062744
I2I,death_30d,std,late_wsrc,3300,246,0.7951440467253396,False,0.01630874236193503,0.0003467228133438473,0.033760261838459905
I2I,death_30d,blockstd,ehr_only,3300,246,0.7798695300312531,False,0.0006390319083612156,-0.009122889324695007,0.01135319723634163
I2I,death_30d,blockstd,early,3300,246,0.799471305125625,False,0.02052833331701339,0.006075261497198068,0.03611492424525215
I2I,death_30d,blockstd,late_mean,3300,246,0.7935640849532268,False,0.014791966084970676,-0.004704989090245387,0.03482817947949655
I2I,death_30d,blockstd,late_wsrc,3300,246,0.7950954632336107,False,0.016214839178924863,0.0017103850598652883,0.031746422517279695
I2I,death_30d,robust,ehr_only,3300,246,0.779487517370262,False,0.0002778342545485498,-0.0030152230655465157,0.0036074214422906117
I2I,death_30d,robust,early,3300,246,0.8027816378360247,False,0.024035421807836365,0.009324644750037109,0.038892461111305766
I2I,death_30d,robust,late_mean,3300,246,0.796698052933378,False,0.018080903395431832,-0.0021281221930991856,0.03877109105187683
I2I,death_30d,robust,late_wsrc,3300,246,0.7993075854137717,False,0.02054073846118777,0.006492958337371527,0.03501039980914262
I2I,death_30d,quantile,ehr_only,3300,246,0.7863517657769897,False,0.007199952550895208,-0.005663768123123755,0.02061240053392061
I2I,death_30d,quantile,early,3300,246,0.8041526240409752,False,0.02545507918962052,0.005933771020918141,0.04444887364097382
I2I,death_30d,quantile,late_mean,3300,246,0.79899611864488,False,0.02033628199619858,-0.0011268476703733732,0.043577308378380177
I2I,death_30d,quantile,late_wsrc,3300,246,0.8028135831456547,False,0.024017080991996165,0.006605201771786071,0.04128442617782458
I2I,death_30d,tgtfit,ehr_only,3300,246,0.7796133020269299,False,0.00035046952122228116,-0.00037486113269151743,0.0011886971350921925
I2I,death_30d,tgtfit,early,3300,246,0.7996430111648857,False,0.020778486835894172,0.0026457785282691664,0.04049303333003563
I2I,death_30d,tgtfit,late_mean,3300,246,0.7921884400572886,False,0.013465736917884573,-0.007020323466160608,0.03579593253877505
I2I,death_30d,tgtfit,late_wsrc,3300,246,0.794541079006075,False,0.015695001071725594,-3.7130813389834984e-05,0.032552975812219005
I2I,death_30d,coral,ehr_only,3300,246,0.7763874912815926,False,-0.002843670842217561,-0.0064494367031945055,0.0008428907632594183
I2I,death_30d,coral,early,3300,246,0.7957576628811475,False,0.01691920610941871,-0.0008581712155655726,0.03668787008063876
I2I,death_30d,coral,late_mean,3300,246,0.7920167340180277,False,0.01326845526341448,-0.006859446890969936,0.034569907211989236
I2I,death_30d,coral,late_wsrc,3300,246,0.7940499198705151,False,0.015216268134156035,-0.0002759999575158655,0.03319981291574967
I2I,composite_30d,std,ehr_only,3300,505,0.7556063692236845,False,,,
I2I,composite_30d,std,early,3300,505,0.7552921589117767,False,-0.00030128468456986723,-0.011956465280566764,0.011204782263262547
I2I,composite_30d,std,late_mean,3300,505,0.7428108893179122,False,-0.012826425119272905,-0.0297560130133712,0.004864461726641354
I2I,composite_30d,std,late_wsrc,3300,505,0.7607495704847766,False,0.005128930244814065,-0.003763811089334468,0.014320305396953401
I2I,composite_30d,blockstd,ehr_only,3300,505,0.7571657308843585,False,0.0015226148931695598,-0.0029843114087358125,0.005845048509931521
I2I,composite_30d,blockstd,early,3300,505,0.7620793850404718,False,0.006444524868313747,-0.004186132706900242,0.016831044750413717
I2I,composite_30d,blockstd,late_mean,3300,505,0.746368869445084,False,-0.009224864749321753,-0.02550877680019616,0.007695590241569024
I2I,composite_30d,blockstd,late_wsrc,3300,505,0.7631718592252785,False,0.007571389476768414,-0.0018814022187871146,0.016698092045155346
I2I,composite_30d,robust,ehr_only,3300,505,0.7557080359198711,False,6.925006699742963e-05,-0.0012826508125327678,0.001278930818556758
I2I,composite_30d,robust,early,3300,505,0.7606043323473672,False,0.005059231274596733,-0.004703163411502717,0.014747113286689968
I2I,composite_30d,robust,late_mean,3300,505,0.7455704139286915,False,-0.010027931376238787,-0.026383763295684842,0.008193029034321939
I2I,composite_30d,robust,late_wsrc,3300,505,0.7625969287447528,False,0.006988311178186325,-0.0014289702152288667,0.01599350383004403
I2I,composite_30d,quantile,ehr_only,3300,505,0.7583875024353957,False,0.0029589940173657013,-0.005326708400582611,0.010880087207274907
I2I,composite_30d,quantile,early,3300,505,0.7631314759382916,False,0.0077751746678383785,-0.004429091910999802,0.02059706105103529
I2I,composite_30d,quantile,late_mean,3300,505,0.7464737242955066,False,-0.008978178478044978,-0.026741083726091356,0.009670751192231488
I2I,composite_30d,quantile,late_wsrc,3300,505,0.7642685842823995,False,0.00885847767437032,-0.002863932700303448,0.020573879471623025
I2I,composite_30d,tgtfit,ehr_only,3300,505,0.7556290405426949,False,2.355398403718856e-05,-0.0001807867756337539,0.0002350949127521512
I2I,composite_30d,tgtfit,early,3300,505,0.7553700915708744,False,-0.00022739826532889616,-0.011479565902091054,0.011246614400776681
I2I,composite_30d,tgtfit,late_mean,3300,505,0.7427276430684213,False,-0.0129118848243046,-0.029669973448098193,0.004936517131924746
I2I,composite_30d,tgtfit,late_wsrc,3300,505,0.7607927876866398,False,0.005168753461898067,-0.003631323659994276,0.014406233423591316
I2I,composite_30d,coral,ehr_only,3300,505,0.756702031562727,False,0.0010488185737168117,-0.0013019480892988988,0.003546924869175968
I2I,composite_30d,coral,early,3300,505,0.7567735879133531,False,0.001183384618481783,-0.010211461943482764,0.012495732761686364
I2I,composite_30d,coral,late_mean,3300,505,0.7441871092297065,False,-0.011493172368635755,-0.02792931182259388,0.006084004699603793
I2I,composite_30d,coral,late_wsrc,3300,505,0.7626759241219291,False,0.007007897894425757,-0.00170736888896989,0.01613853822034482
I2I,cv_first,std,ehr_only,3083,288,0.7845048201152851,False,,,
I2I,cv_first,std,early,3083,288,0.7644702842377262,False,-0.019736222709401424,-0.032637308524169045,-0.007107431362104804
I2I,cv_first,std,late_mean,3083,288,0.732569320214669,False,-0.0517464045494588,-0.07345521474964091,-0.03001485705889046
I2I,cv_first,std,late_wsrc,3083,288,0.7809940866626914,False,-0.003460769238206511,-0.010297506581620774,0.00344701854348312
I2I,cv_first,blockstd,ehr_only,3083,288,0.7848737825482012,False,0.0003873346669792225,-0.006340651470770392,0.007007230718301561
I2I,cv_first,blockstd,early,3083,288,0.7762000596302921,False,-0.008186375588820403,-0.01795756948850492,0.001761254890979501
I2I,cv_first,blockstd,late_mean,3083,288,0.7365111309878752,False,-0.04789634532989196,-0.0687211439692798,-0.025320984371179158
I2I,cv_first,blockstd,late_wsrc,3083,288,0.7818214569668058,False,-0.00263268265256111,-0.010715084569291511,0.006264491813425945
I2I,cv_first,robust,ehr_only,3083,288,0.7824606191612005,False,-0.002036295181717942,-0.004320235892465299,0.00021301245290840024
I2I,cv_first,robust,early,3083,288,0.7745117769827072,False,-0.009983115377814471,-0.018084640554295154,-0.0016629358726359988
I2I,cv_first,robust,late_mean,3083,288,0.734189897634665,False,-0.0503095343402557,-0.07101344334629878,-0.029327440850435434
I2I,cv_first,robust,late_wsrc,3083,288,0.7794573643410851,False,-0.005040330416810061,-0.011066139201692509,0.0009575296907403828
I2I,cv_first,quantile,ehr_only,3083,288,0.787114266547406,False,0.002629712304047132,-0.004510661790747905,0.009747897123893162
I2I,cv_first,quantile,early,3083,288,0.7810599284436494,False,-0.003336952742805986,-0.012858213109348187,0.006896480829729855
I2I,cv_first,quantile,late_mean,3083,288,0.7347725352812562,False,-0.04974924921686681,-0.07067870381050657,-0.02824237805982669
I2I,cv_first,quantile,late_wsrc,3083,288,0.7848669499105546,False,0.00038349599249712043,-0.007920838123361572,0.00932694648429045
I2I,cv_first,tgtfit,ehr_only,3083,288,0.7843700308089844,False,-0.0001433625093500862,-0.0006113252911600975,0.0003876668647573519
I2I,cv_first,tgtfit,early,3083,288,0.7656753130590339,False,-0.01860740508038477,-0.03138763298952185,-0.006674514392882567
I2I,cv_first,tgtfit,late_mean,3083,288,0.7323991254223812,False,-0.05191945064608157,-0.0736519302762962,-0.03029556400909613
I2I,cv_first,tgtfit,late_wsrc,3083,288,0.7808530858676208,False,-0.0036114789178667075,-0.010379190389297235,0.0032407797150797897
I2I,cv_first,coral,ehr_only,3083,288,0.7827792685350825,False,-0.0017582881947241402,-0.0047757583134884875,0.0012879101863364937
I2I,cv_first,coral,early,3083,288,0.7649026038560923,False,-0.019438150175061387,-0.03202472734829843,-0.0070738458438643625
I2I,cv_first,coral,late_mean,3083,288,0.7343501540449215,False,-0.0500685224409392,-0.07210514690516912,-0.028612904024571176
I2I,cv_first,coral,late_wsrc,3083,288,0.7804592774796264,False,-0.004044508327871908,-0.011434843517016718,0.003234757890455547
